2026-08-07 11:06:38.984 | INFO     | __main__:main:21 - 全局翻译工具启动
2026-08-07 11:06:39.106 | INFO     | src.ocr.screen_ocr:__init__:21 - Tesseract初始化完成
2026-08-07 11:06:44.846 | INFO     | src.gui.main_window:setup_hotkeys:294 - 全局热键注册成功: Ctrl+Shift+X (屏幕翻译), Ctrl+Shift+T (剪贴板翻译)
2026-08-07 11:06:55.442 | INFO     | src.gui.main_window:translate_text:153 - 手动翻译触发: 引擎=Google翻译, 源语言=auto, 目标语言=zh, 文本长度=2
2026-08-07 11:06:56.242 | INFO     | src.translator.engine:translate:38 - Google翻译成功: 你好... -> Hello...
2026-08-07 11:06:56.248 | INFO     | src.gui.main_window:on_translation_complete:188 - 翻译完成，结果长度: 5
2026-08-07 11:07:04.047 | INFO     | src.gui.main_window:translate_text:153 - 手动翻译触发: 引擎=Google翻译, 源语言=auto, 目标语言=zh, 文本长度=5
2026-08-07 11:07:04.248 | INFO     | src.translator.engine:translate:38 - Google翻译成功: hello... -> hello...
2026-08-07 11:07:04.249 | INFO     | src.gui.main_window:on_translation_complete:188 - 翻译完成，结果长度: 5
2026-08-07 11:07:11.465 | INFO     | src.gui.main_window:translate_text:153 - 手动翻译触发: 引擎=Google翻译, 源语言=auto, 目标语言=en, 文本长度=5
2026-08-07 11:07:11.638 | INFO     | src.translator.engine:translate:38 - Google翻译成功: hello... -> hello...
2026-08-07 11:07:11.639 | INFO     | src.gui.main_window:on_translation_complete:188 - 翻译完成，结果长度: 5
2026-08-07 11:07:13.293 | INFO     | src.gui.main_window:translate_text:153 - 手动翻译触发: 引擎=Google翻译, 源语言=auto, 目标语言=en, 文本长度=5
2026-08-07 11:07:13.484 | INFO     | src.translator.engine:translate:38 - Google翻译成功: hello... -> hello...
2026-08-07 11:07:13.486 | INFO     | src.gui.main_window:on_translation_complete:188 - 翻译完成，结果长度: 5
2026-08-07 11:07:18.366 | INFO     | src.gui.main_window:translate_text:153 - 手动翻译触发: 引擎=Google翻译, 源语言=auto, 目标语言=zh, 文本长度=5
2026-08-07 11:07:18.500 | INFO     | src.translator.engine:translate:38 - Google翻译成功: hello... -> hello...
2026-08-07 11:07:18.502 | INFO     | src.gui.main_window:on_translation_complete:188 - 翻译完成，结果长度: 5
2026-08-07 11:07:47.669 | INFO     | src.gui.main_window:translate_text:153 - 手动翻译触发: 引擎=Google翻译, 源语言=auto, 目标语言=zh, 文本长度=19
2026-08-07 11:07:48.563 | INFO     | src.translator.engine:translate:38 - Google翻译成功: 目前只能中文翻译英文，英文无法翻译中文... -> Currently, only Chinese can be...
2026-08-07 11:07:48.564 | INFO     | src.gui.main_window:on_translation_complete:188 - 翻译完成，结果长度: 102
2026-08-07 11:08:58.488 | INFO     | src.gui.main_window:closeEvent:324 - 全局热键已卸载
2026-08-07 11:08:58.489 | INFO     | src.gui.main_window:closeEvent:351 - 程序已退出
2026-08-07 11:11:21.615 | INFO     | src.ocr.screen_ocr:__init__:21 - Tesseract初始化完成
2026-08-07 11:11:21.764 | INFO     | src.gui.main_window:setup_hotkeys:294 - 全局热键注册成功: Ctrl+Shift+X (屏幕翻译), Ctrl+Shift+T (剪贴板翻译)
2026-08-07 11:12:43.191 | INFO     | src.ocr.screen_ocr:__init__:21 - Tesseract初始化完成
2026-08-07 11:12:43.323 | INFO     | src.gui.main_window:setup_hotkeys:294 - 全局热键注册成功: Ctrl+Shift+X (屏幕翻译), Ctrl+Shift+T (剪贴板翻译)
2026-08-07 11:12:43.589 | INFO     | __main__:finish:189 - 程序启动完成
2026-08-07 11:12:52.663 | INFO     | src.gui.main_window:translate_text:153 - 手动翻译触发: 引擎=Google翻译, 源语言=auto, 目标语言=zh, 文本长度=2
2026-08-07 11:12:53.536 | INFO     | src.translator.engine:translate:38 - Google翻译成功: 你好... -> Hello...
2026-08-07 11:12:53.538 | INFO     | src.gui.main_window:on_translation_complete:188 - 翻译完成，结果长度: 5
2026-08-07 11:13:07.085 | INFO     | src.gui.main_window:translate_text:153 - 手动翻译触发: 引擎=Google翻译, 源语言=auto, 目标语言=zh, 文本长度=11
2026-08-07 11:13:07.396 | INFO     | src.translator.engine:translate:38 - Google翻译成功: How are you... -> How are you...
2026-08-07 11:13:07.397 | INFO     | src.gui.main_window:on_translation_complete:188 - 翻译完成，结果长度: 11
2026-08-07 11:14:28.616 | INFO     | src.gui.main_window:closeEvent:324 - 全局热键已卸载
2026-08-07 11:14:28.619 | INFO     | src.gui.main_window:closeEvent:351 - 程序已退出
2026-08-07 11:19:45.589 | INFO     | src.ocr.screen_ocr:__init__:21 - Tesseract初始化完成
2026-08-07 11:19:45.889 | INFO     | src.gui.main_window:setup_hotkeys:294 - 全局热键注册成功: Ctrl+Shift+X (屏幕翻译), Ctrl+Shift+T (剪贴板翻译)
2026-08-07 11:19:46.124 | INFO     | __main__:finish:189 - 程序启动完成
2026-08-07 11:19:54.543 | INFO     | src.gui.main_window:translate_text:153 - 手动翻译触发: 引擎=Google翻译, 源语言=auto, 目标语言=zh, 文本长度=2
2026-08-07 11:19:55.034 | ERROR    | src.gui.main_window:translate_text:171 - 创建翻译引擎失败: en --> No support for the provided language.
Please select on of the supported languages:
{'acehnese': 'ace-ID', 'afrikaans': 'af-ZA', 'akan': 'ak-GH', 'albanian': 'sq-AL', 'amharic': 'am-ET', 'antigua and barbuda creole english': 'aig-AG', 'arabic': 'ar-SA', 'arabic egyptian': 'ar-EG', 'aragonese': 'an-ES', 'armenian': 'hy-AM', 'assamese': 'as-IN', 'asturian': 'ast-ES', 'austrian german': 'de-AT', 'awadhi': 'awa-IN', 'ayacucho quechua': 'quy-PE', 'azerbaijani': 'az-AZ', 'bahamas creole english': 'bah-BS', 'bajan': 'bjs-BB', 'balinese': 'ban-ID', 'balkan gipsy': 'rm-RO', 'bambara': 'bm-ML', 'banjar': 'bjn-ID', 'bashkir': 'ba-RU', 'basque': 'eu-ES', 'belarusian': 'be-BY', 'belgian french': 'fr-BE', 'bemba': 'bem-ZM', 'bengali': 'bn-IN', 'bhojpuri': 'bho-IN', 'bihari': 'bh-IN', 'bislama': 'bi-VU', 'borana': 'gax-KE', 'bosnian': 'bs-BA', 'bosnian (cyrillic)': 'bs-Cyrl-BA', 'breton': 'br-FR', 'buginese': 'bug-ID', 'bulgarian': 'bg-BG', 'burmese': 'my-MM', 'catalan': 'ca-ES', 'catalan valencian': 'cav-ES', 'cebuano': 'ceb-PH', 'central atlas tamazight': 'tzm-MA', 'central aymara': 'ayr-BO', 'central kanuri (latin script)': 'knc-NG', 'chadian arabic': 'shu-TD', 'chamorro': 'ch-GU', 'cherokee': 'chr-US', 'chhattisgarhi': 'hne-IN', 'chinese simplified': 'zh-CN', 'chinese trad. (hong kong)': 'zh-HK', 'chinese traditional': 'zh-TW', 'chinese traditional macau': 'zh-MO', 'chittagonian': 'ctg-BD', 'chokwe': 'cjk-AO', 'classical greek': 'grc-GR', 'comorian ngazidja': 'zdj-KM', 'coptic': 'cop-EG', 'crimean tatar': 'crh-RU', 'crioulo upper guinea': 'pov-GW', 'croatian': 'hr-HR', 'czech': 'cs-CZ', 'danish': 'da-DK', 'dari': 'prs-AF', 'dimli': 'diq-TR', 'dutch': 'nl-NL', 'dyula': 'dyu-CI', 'dzongkha': 'dz-BT', 'eastern yiddish': 'ydd-US', 'emakhuwa': 'vmw-MZ', 'english': 'en-GB', 'english australia': 'en-AU', 'english canada': 'en-CA', 'english india': 'en-IN', 'english ireland': 'en-IE', 'english new zealand': 'en-NZ', 'english singapore': 'en-SG', 'english south africa': 'en-ZA', 'english us': 'en-US', 'esperanto': 'eo-EU', 'estonian': 'et-EE', 'ewe': 'ee-GH', 'fanagalo': 'fn-FNG', 'faroese': 'fo-FO', 'fijian': 'fj-FJ', 'filipino': 'fil-PH', 'finnish': 'fi-FI', 'flemish': 'nl-BE', 'fon': 'fon-BJ', 'french': 'fr-FR', 'french canada': 'fr-CA', 'french swiss': 'fr-CH', 'friulian': 'fur-IT', 'fula': 'ff-FUL', 'galician': 'gl-ES', 'gamargu': 'mfi-NG', 'garo': 'grt-IN', 'georgian': 'ka-GE', 'german': 'de-DE', 'gilbertese': 'gil-KI', 'glavda': 'glw-NG', 'greek': 'el-GR', 'grenadian creole english': 'gcl-GD', 'guarani': 'gn-PY', 'gujarati': 'gu-IN', 'guyanese creole english': 'gyn-GY', 'haitian creole french': 'ht-HT', 'halh mongolian': 'khk-MN', 'hausa': 'ha-NE', 'hawaiian': 'haw-US', 'hebrew': 'he-IL', 'higi': 'hig-NG', 'hiligaynon': 'hil-PH', 'hill mari': 'mrj-RU', 'hindi': 'hi-IN', 'hmong': 'hmn-CN', 'hungarian': 'hu-HU', 'icelandic': 'is-IS', 'igbo ibo': 'ibo-NG', 'igbo ig': 'ig-NG', 'ilocano': 'ilo-PH', 'indonesian': 'id-ID', 'inuktitut greenlandic': 'kl-GL', 'irish gaelic': 'ga-IE', 'italian': 'it-IT', 'italian swiss': 'it-CH', 'jamaican creole english': 'jam-JM', 'japanese': 'ja-JP', 'javanese': 'jv-ID', 'jingpho': 'kac-MM', "k'iche'": 'quc-GT', 'kabiyè': 'kbp-TG', 'kabuverdianu': 'kea-CV', 'kabylian': 'kab-DZ', 'kalenjin': 'kln-KE', 'kamba': 'kam-KE', 'kannada': 'kn-IN', 'kanuri': 'kr-KAU', 'karen': 'kar-MM', 'kashmiri (devanagari script)': 'ks-IN', 'kashmiri (arabic script)': 'kas-IN', 'kazakh': 'kk-KZ', 'khasi': 'kha-IN', 'khmer': 'km-KH', 'kikuyu kik': 'kik-KE', 'kikuyu ki': 'ki-KE', 'kimbundu': 'kmb-AO', 'kinyarwanda': 'rw-RW', 'kirundi': 'rn-BI', 'kisii': 'guz-KE', 'kongo': 'kg-CG', 'konkani': 'kok-IN', 'korean': 'ko-KR', 'northern kurdish': 'kmr-TR', 'kurdish sorani': 'ckb-IQ', 'kyrgyz': 'ky-KG', 'lao': 'lo-LA', 'latgalian': 'ltg-LV', 'latin': 'la-XN', 'latvian': 'lv-LV', 'ligurian': 'lij-IT', 'limburgish': 'li-NL', 'lingala': 'ln-LIN', 'lithuanian': 'lt-LT', 'lombard': 'lmo-IT', 'luba-kasai': 'lua-CD', 'luganda': 'lg-UG', 'luhya': 'luy-KE', 'luo': 'luo-KE', 'luxembourgish': 'lb-LU', 'maa': 'mas-KE', 'macedonian': 'mk-MK', 'magahi': 'mag-IN', 'maithili': 'mai-IN', 'malagasy': 'mg-MG', 'malay': 'ms-MY', 'malayalam': 'ml-IN', 'maldivian': 'dv-MV', 'maltese': 'mt-MT', 'mandara': 'mfi-CM', 'manipuri': 'mni-IN', 'manx gaelic': 'gv-IM', 'maori': 'mi-NZ', 'marathi': 'mr-IN', 'margi': 'mrt-NG', 'mari': 'mhr-RU', 'marshallese': 'mh-MH', 'mende': 'men-SL', 'meru': 'mer-KE', 'mijikenda': 'nyf-KE', 'minangkabau': 'min-ID', 'mizo': 'lus-IN', 'mongolian': 'mn-MN', 'montenegrin': 'sr-ME', 'morisyen': 'mfe-MU', 'moroccan arabic': 'ar-MA', 'mossi': 'mos-BF', 'ndau': 'ndc-MZ', 'ndebele': 'nr-ZA', 'nepali': 'ne-NP', 'nigerian fulfulde': 'fuv-NG', 'niuean': 'niu-NU', 'north azerbaijani': 'azj-AZ', 'sesotho': 'nso-ZA', 'northern uzbek': 'uzn-UZ', 'norwegian bokmål': 'nb-NO', 'norwegian nynorsk': 'nn-NO', 'nuer': 'nus-SS', 'nyanja': 'ny-MW', 'occitan': 'oc-FR', 'occitan aran': 'oc-ES', 'odia': 'or-IN', 'oriya': 'ory-IN', 'urdu': 'ur-PK', 'palauan': 'pau-PW', 'pali': 'pi-IN', 'pangasinan': 'pag-PH', 'papiamentu': 'pap-CW', 'pashto': 'ps-PK', 'persian': 'fa-IR', 'pijin': 'pis-SB', 'plateau malagasy': 'plt-MG', 'polish': 'pl-PL', 'portuguese': 'pt-PT', 'portuguese brazil': 'pt-BR', 'potawatomi': 'pot-US', 'punjabi': 'pa-IN', 'punjabi (pakistan)': 'pnb-PK', 'quechua': 'qu-PE', 'rohingya': 'rhg-MM', 'rohingyalish': 'rhl-MM', 'romanian': 'ro-RO', 'romansh': 'roh-CH', 'rundi': 'run-BI', 'russian': 'ru-RU', 'saint lucian creole french': 'acf-LC', 'samoan': 'sm-WS', 'sango': 'sg-CF', 'sanskrit': 'sa-IN', 'santali': 'sat-IN', 'sardinian': 'sc-IT', 'scots gaelic': 'gd-GB', 'sena': 'seh-ZW', 'serbian cyrillic': 'sr-Cyrl-RS', 'serbian latin': 'sr-Latn-RS', 'seselwa creole french': 'crs-SC', 'setswana (south africa)': 'tn-ZA', 'shan': 'shn-MM', 'shona': 'sn-ZW', 'sicilian': 'scn-IT', 'silesian': 'szl-PL', 'sindhi snd': 'snd-PK', 'sindhi sd': 'sd-PK', 'sinhala': 'si-LK', 'slovak': 'sk-SK', 'slovenian': 'sl-SI', 'somali': 'so-SO', 'sotho southern': 'st-LS', 'south azerbaijani': 'azb-AZ', 'southern pashto': 'pbt-PK', 'southwestern dinka': 'dik-SS', 'spanish': 'es-ES', 'spanish argentina': 'es-AR', 'spanish colombia': 'es-CO', 'spanish latin america': 'es-419', 'spanish mexico': 'es-MX', 'spanish united states': 'es-US', 'sranan tongo': 'srn-SR', 'standard latvian': 'lvs-LV', 'standard malay': 'zsm-MY', 'sundanese': 'su-ID', 'swahili': 'sw-KE', 'swati': 'ss-SZ', 'swedish': 'sv-SE', 'swiss german': 'de-CH', 'syriac (aramaic)': 'syc-TR', 'tagalog': 'tl-PH', 'tahitian': 'ty-PF', 'tajik': 'tg-TJ', 'tamashek (tuareg)': 'tmh-DZ', 'tamasheq': 'taq-ML', 'tamil india': 'ta-IN', 'tamil sri lanka': 'ta-LK', 'taroko': 'trv-TW', 'tatar': 'tt-RU', 'telugu': 'te-IN', 'tetum': 'tet-TL', 'thai': 'th-TH', 'tibetan': 'bo-CN', 'tigrinya': 'ti-ET', 'tok pisin': 'tpi-PG', 'tokelauan': 'tkl-TK', 'tongan': 'to-TO', 'tosk albanian': 'als-AL', 'tsonga': 'ts-ZA', 'tswa': 'tsc-MZ', 'tswana': 'tn-BW', 'tumbuka': 'tum-MW', 'turkish': 'tr-TR', 'turkmen': 'tk-TM', 'tuvaluan': 'tvl-TV', 'twi': 'tw-GH', 'udmurt': 'udm-RU', 'ukrainian': 'uk-UA', 'uma': 'ppk-ID', 'umbundu': 'umb-AO', 'uyghur uig': 'uig-CN', 'uyghur ug': 'ug-CN', 'uzbek': 'uz-UZ', 'venetian': 'vec-IT', 'vietnamese': 'vi-VN', 'vincentian creole english': 'svc-VC', 'virgin islands creole english': 'vic-US', 'wallisian': 'wls-WF', 'waray (philippines)': 'war-PH', 'welsh': 'cy-GB', 'west central oromo': 'gaz-ET', 'western persian': 'pes-IR', 'wolof': 'wo-SN', 'xhosa': 'xh-ZA', 'yiddish': 'yi-YD', 'yoruba': 'yo-NG', 'zulu': 'zu-ZA'}
2026-08-07 11:20:05.834 | INFO     | src.gui.main_window:translate_text:153 - 手动翻译触发: 引擎=Google翻译, 源语言=auto, 目标语言=zh, 文本长度=5
2026-08-07 11:20:05.835 | ERROR    | src.gui.main_window:translate_text:171 - 创建翻译引擎失败: en --> No support for the provided language.
Please select on of the supported languages:
{'acehnese': 'ace-ID', 'afrikaans': 'af-ZA', 'akan': 'ak-GH', 'albanian': 'sq-AL', 'amharic': 'am-ET', 'antigua and barbuda creole english': 'aig-AG', 'arabic': 'ar-SA', 'arabic egyptian': 'ar-EG', 'aragonese': 'an-ES', 'armenian': 'hy-AM', 'assamese': 'as-IN', 'asturian': 'ast-ES', 'austrian german': 'de-AT', 'awadhi': 'awa-IN', 'ayacucho quechua': 'quy-PE', 'azerbaijani': 'az-AZ', 'bahamas creole english': 'bah-BS', 'bajan': 'bjs-BB', 'balinese': 'ban-ID', 'balkan gipsy': 'rm-RO', 'bambara': 'bm-ML', 'banjar': 'bjn-ID', 'bashkir': 'ba-RU', 'basque': 'eu-ES', 'belarusian': 'be-BY', 'belgian french': 'fr-BE', 'bemba': 'bem-ZM', 'bengali': 'bn-IN', 'bhojpuri': 'bho-IN', 'bihari': 'bh-IN', 'bislama': 'bi-VU', 'borana': 'gax-KE', 'bosnian': 'bs-BA', 'bosnian (cyrillic)': 'bs-Cyrl-BA', 'breton': 'br-FR', 'buginese': 'bug-ID', 'bulgarian': 'bg-BG', 'burmese': 'my-MM', 'catalan': 'ca-ES', 'catalan valencian': 'cav-ES', 'cebuano': 'ceb-PH', 'central atlas tamazight': 'tzm-MA', 'central aymara': 'ayr-BO', 'central kanuri (latin script)': 'knc-NG', 'chadian arabic': 'shu-TD', 'chamorro': 'ch-GU', 'cherokee': 'chr-US', 'chhattisgarhi': 'hne-IN', 'chinese simplified': 'zh-CN', 'chinese trad. (hong kong)': 'zh-HK', 'chinese traditional': 'zh-TW', 'chinese traditional macau': 'zh-MO', 'chittagonian': 'ctg-BD', 'chokwe': 'cjk-AO', 'classical greek': 'grc-GR', 'comorian ngazidja': 'zdj-KM', 'coptic': 'cop-EG', 'crimean tatar': 'crh-RU', 'crioulo upper guinea': 'pov-GW', 'croatian': 'hr-HR', 'czech': 'cs-CZ', 'danish': 'da-DK', 'dari': 'prs-AF', 'dimli': 'diq-TR', 'dutch': 'nl-NL', 'dyula': 'dyu-CI', 'dzongkha': 'dz-BT', 'eastern yiddish': 'ydd-US', 'emakhuwa': 'vmw-MZ', 'english': 'en-GB', 'english australia': 'en-AU', 'english canada': 'en-CA', 'english india': 'en-IN', 'english ireland': 'en-IE', 'english new zealand': 'en-NZ', 'english singapore': 'en-SG', 'english south africa': 'en-ZA', 'english us': 'en-US', 'esperanto': 'eo-EU', 'estonian': 'et-EE', 'ewe': 'ee-GH', 'fanagalo': 'fn-FNG', 'faroese': 'fo-FO', 'fijian': 'fj-FJ', 'filipino': 'fil-PH', 'finnish': 'fi-FI', 'flemish': 'nl-BE', 'fon': 'fon-BJ', 'french': 'fr-FR', 'french canada': 'fr-CA', 'french swiss': 'fr-CH', 'friulian': 'fur-IT', 'fula': 'ff-FUL', 'galician': 'gl-ES', 'gamargu': 'mfi-NG', 'garo': 'grt-IN', 'georgian': 'ka-GE', 'german': 'de-DE', 'gilbertese': 'gil-KI', 'glavda': 'glw-NG', 'greek': 'el-GR', 'grenadian creole english': 'gcl-GD', 'guarani': 'gn-PY', 'gujarati': 'gu-IN', 'guyanese creole english': 'gyn-GY', 'haitian creole french': 'ht-HT', 'halh mongolian': 'khk-MN', 'hausa': 'ha-NE', 'hawaiian': 'haw-US', 'hebrew': 'he-IL', 'higi': 'hig-NG', 'hiligaynon': 'hil-PH', 'hill mari': 'mrj-RU', 'hindi': 'hi-IN', 'hmong': 'hmn-CN', 'hungarian': 'hu-HU', 'icelandic': 'is-IS', 'igbo ibo': 'ibo-NG', 'igbo ig': 'ig-NG', 'ilocano': 'ilo-PH', 'indonesian': 'id-ID', 'inuktitut greenlandic': 'kl-GL', 'irish gaelic': 'ga-IE', 'italian': 'it-IT', 'italian swiss': 'it-CH', 'jamaican creole english': 'jam-JM', 'japanese': 'ja-JP', 'javanese': 'jv-ID', 'jingpho': 'kac-MM', "k'iche'": 'quc-GT', 'kabiyè': 'kbp-TG', 'kabuverdianu': 'kea-CV', 'kabylian': 'kab-DZ', 'kalenjin': 'kln-KE', 'kamba': 'kam-KE', 'kannada': 'kn-IN', 'kanuri': 'kr-KAU', 'karen': 'kar-MM', 'kashmiri (devanagari script)': 'ks-IN', 'kashmiri (arabic script)': 'kas-IN', 'kazakh': 'kk-KZ', 'khasi': 'kha-IN', 'khmer': 'km-KH', 'kikuyu kik': 'kik-KE', 'kikuyu ki': 'ki-KE', 'kimbundu': 'kmb-AO', 'kinyarwanda': 'rw-RW', 'kirundi': 'rn-BI', 'kisii': 'guz-KE', 'kongo': 'kg-CG', 'konkani': 'kok-IN', 'korean': 'ko-KR', 'northern kurdish': 'kmr-TR', 'kurdish sorani': 'ckb-IQ', 'kyrgyz': 'ky-KG', 'lao': 'lo-LA', 'latgalian': 'ltg-LV', 'latin': 'la-XN', 'latvian': 'lv-LV', 'ligurian': 'lij-IT', 'limburgish': 'li-NL', 'lingala': 'ln-LIN', 'lithuanian': 'lt-LT', 'lombard': 'lmo-IT', 'luba-kasai': 'lua-CD', 'luganda': 'lg-UG', 'luhya': 'luy-KE', 'luo': 'luo-KE', 'luxembourgish': 'lb-LU', 'maa': 'mas-KE', 'macedonian': 'mk-MK', 'magahi': 'mag-IN', 'maithili': 'mai-IN', 'malagasy': 'mg-MG', 'malay': 'ms-MY', 'malayalam': 'ml-IN', 'maldivian': 'dv-MV', 'maltese': 'mt-MT', 'mandara': 'mfi-CM', 'manipuri': 'mni-IN', 'manx gaelic': 'gv-IM', 'maori': 'mi-NZ', 'marathi': 'mr-IN', 'margi': 'mrt-NG', 'mari': 'mhr-RU', 'marshallese': 'mh-MH', 'mende': 'men-SL', 'meru': 'mer-KE', 'mijikenda': 'nyf-KE', 'minangkabau': 'min-ID', 'mizo': 'lus-IN', 'mongolian': 'mn-MN', 'montenegrin': 'sr-ME', 'morisyen': 'mfe-MU', 'moroccan arabic': 'ar-MA', 'mossi': 'mos-BF', 'ndau': 'ndc-MZ', 'ndebele': 'nr-ZA', 'nepali': 'ne-NP', 'nigerian fulfulde': 'fuv-NG', 'niuean': 'niu-NU', 'north azerbaijani': 'azj-AZ', 'sesotho': 'nso-ZA', 'northern uzbek': 'uzn-UZ', 'norwegian bokmål': 'nb-NO', 'norwegian nynorsk': 'nn-NO', 'nuer': 'nus-SS', 'nyanja': 'ny-MW', 'occitan': 'oc-FR', 'occitan aran': 'oc-ES', 'odia': 'or-IN', 'oriya': 'ory-IN', 'urdu': 'ur-PK', 'palauan': 'pau-PW', 'pali': 'pi-IN', 'pangasinan': 'pag-PH', 'papiamentu': 'pap-CW', 'pashto': 'ps-PK', 'persian': 'fa-IR', 'pijin': 'pis-SB', 'plateau malagasy': 'plt-MG', 'polish': 'pl-PL', 'portuguese': 'pt-PT', 'portuguese brazil': 'pt-BR', 'potawatomi': 'pot-US', 'punjabi': 'pa-IN', 'punjabi (pakistan)': 'pnb-PK', 'quechua': 'qu-PE', 'rohingya': 'rhg-MM', 'rohingyalish': 'rhl-MM', 'romanian': 'ro-RO', 'romansh': 'roh-CH', 'rundi': 'run-BI', 'russian': 'ru-RU', 'saint lucian creole french': 'acf-LC', 'samoan': 'sm-WS', 'sango': 'sg-CF', 'sanskrit': 'sa-IN', 'santali': 'sat-IN', 'sardinian': 'sc-IT', 'scots gaelic': 'gd-GB', 'sena': 'seh-ZW', 'serbian cyrillic': 'sr-Cyrl-RS', 'serbian latin': 'sr-Latn-RS', 'seselwa creole french': 'crs-SC', 'setswana (south africa)': 'tn-ZA', 'shan': 'shn-MM', 'shona': 'sn-ZW', 'sicilian': 'scn-IT', 'silesian': 'szl-PL', 'sindhi snd': 'snd-PK', 'sindhi sd': 'sd-PK', 'sinhala': 'si-LK', 'slovak': 'sk-SK', 'slovenian': 'sl-SI', 'somali': 'so-SO', 'sotho southern': 'st-LS', 'south azerbaijani': 'azb-AZ', 'southern pashto': 'pbt-PK', 'southwestern dinka': 'dik-SS', 'spanish': 'es-ES', 'spanish argentina': 'es-AR', 'spanish colombia': 'es-CO', 'spanish latin america': 'es-419', 'spanish mexico': 'es-MX', 'spanish united states': 'es-US', 'sranan tongo': 'srn-SR', 'standard latvian': 'lvs-LV', 'standard malay': 'zsm-MY', 'sundanese': 'su-ID', 'swahili': 'sw-KE', 'swati': 'ss-SZ', 'swedish': 'sv-SE', 'swiss german': 'de-CH', 'syriac (aramaic)': 'syc-TR', 'tagalog': 'tl-PH', 'tahitian': 'ty-PF', 'tajik': 'tg-TJ', 'tamashek (tuareg)': 'tmh-DZ', 'tamasheq': 'taq-ML', 'tamil india': 'ta-IN', 'tamil sri lanka': 'ta-LK', 'taroko': 'trv-TW', 'tatar': 'tt-RU', 'telugu': 'te-IN', 'tetum': 'tet-TL', 'thai': 'th-TH', 'tibetan': 'bo-CN', 'tigrinya': 'ti-ET', 'tok pisin': 'tpi-PG', 'tokelauan': 'tkl-TK', 'tongan': 'to-TO', 'tosk albanian': 'als-AL', 'tsonga': 'ts-ZA', 'tswa': 'tsc-MZ', 'tswana': 'tn-BW', 'tumbuka': 'tum-MW', 'turkish': 'tr-TR', 'turkmen': 'tk-TM', 'tuvaluan': 'tvl-TV', 'twi': 'tw-GH', 'udmurt': 'udm-RU', 'ukrainian': 'uk-UA', 'uma': 'ppk-ID', 'umbundu': 'umb-AO', 'uyghur uig': 'uig-CN', 'uyghur ug': 'ug-CN', 'uzbek': 'uz-UZ', 'venetian': 'vec-IT', 'vietnamese': 'vi-VN', 'vincentian creole english': 'svc-VC', 'virgin islands creole english': 'vic-US', 'wallisian': 'wls-WF', 'waray (philippines)': 'war-PH', 'welsh': 'cy-GB', 'west central oromo': 'gaz-ET', 'western persian': 'pes-IR', 'wolof': 'wo-SN', 'xhosa': 'xh-ZA', 'yiddish': 'yi-YD', 'yoruba': 'yo-NG', 'zulu': 'zu-ZA'}
2026-08-07 11:20:10.187 | INFO     | src.gui.main_window:translate_text:153 - 手动翻译触发: 引擎=Google翻译, 源语言=auto, 目标语言=zh, 文本长度=5
2026-08-07 11:20:10.188 | ERROR    | src.gui.main_window:translate_text:171 - 创建翻译引擎失败: en --> No support for the provided language.
Please select on of the supported languages:
{'acehnese': 'ace-ID', 'afrikaans': 'af-ZA', 'akan': 'ak-GH', 'albanian': 'sq-AL', 'amharic': 'am-ET', 'antigua and barbuda creole english': 'aig-AG', 'arabic': 'ar-SA', 'arabic egyptian': 'ar-EG', 'aragonese': 'an-ES', 'armenian': 'hy-AM', 'assamese': 'as-IN', 'asturian': 'ast-ES', 'austrian german': 'de-AT', 'awadhi': 'awa-IN', 'ayacucho quechua': 'quy-PE', 'azerbaijani': 'az-AZ', 'bahamas creole english': 'bah-BS', 'bajan': 'bjs-BB', 'balinese': 'ban-ID', 'balkan gipsy': 'rm-RO', 'bambara': 'bm-ML', 'banjar': 'bjn-ID', 'bashkir': 'ba-RU', 'basque': 'eu-ES', 'belarusian': 'be-BY', 'belgian french': 'fr-BE', 'bemba': 'bem-ZM', 'bengali': 'bn-IN', 'bhojpuri': 'bho-IN', 'bihari': 'bh-IN', 'bislama': 'bi-VU', 'borana': 'gax-KE', 'bosnian': 'bs-BA', 'bosnian (cyrillic)': 'bs-Cyrl-BA', 'breton': 'br-FR', 'buginese': 'bug-ID', 'bulgarian': 'bg-BG', 'burmese': 'my-MM', 'catalan': 'ca-ES', 'catalan valencian': 'cav-ES', 'cebuano': 'ceb-PH', 'central atlas tamazight': 'tzm-MA', 'central aymara': 'ayr-BO', 'central kanuri (latin script)': 'knc-NG', 'chadian arabic': 'shu-TD', 'chamorro': 'ch-GU', 'cherokee': 'chr-US', 'chhattisgarhi': 'hne-IN', 'chinese simplified': 'zh-CN', 'chinese trad. (hong kong)': 'zh-HK', 'chinese traditional': 'zh-TW', 'chinese traditional macau': 'zh-MO', 'chittagonian': 'ctg-BD', 'chokwe': 'cjk-AO', 'classical greek': 'grc-GR', 'comorian ngazidja': 'zdj-KM', 'coptic': 'cop-EG', 'crimean tatar': 'crh-RU', 'crioulo upper guinea': 'pov-GW', 'croatian': 'hr-HR', 'czech': 'cs-CZ', 'danish': 'da-DK', 'dari': 'prs-AF', 'dimli': 'diq-TR', 'dutch': 'nl-NL', 'dyula': 'dyu-CI', 'dzongkha': 'dz-BT', 'eastern yiddish': 'ydd-US', 'emakhuwa': 'vmw-MZ', 'english': 'en-GB', 'english australia': 'en-AU', 'english canada': 'en-CA', 'english india': 'en-IN', 'english ireland': 'en-IE', 'english new zealand': 'en-NZ', 'english singapore': 'en-SG', 'english south africa': 'en-ZA', 'english us': 'en-US', 'esperanto': 'eo-EU', 'estonian': 'et-EE', 'ewe': 'ee-GH', 'fanagalo': 'fn-FNG', 'faroese': 'fo-FO', 'fijian': 'fj-FJ', 'filipino': 'fil-PH', 'finnish': 'fi-FI', 'flemish': 'nl-BE', 'fon': 'fon-BJ', 'french': 'fr-FR', 'french canada': 'fr-CA', 'french swiss': 'fr-CH', 'friulian': 'fur-IT', 'fula': 'ff-FUL', 'galician': 'gl-ES', 'gamargu': 'mfi-NG', 'garo': 'grt-IN', 'georgian': 'ka-GE', 'german': 'de-DE', 'gilbertese': 'gil-KI', 'glavda': 'glw-NG', 'greek': 'el-GR', 'grenadian creole english': 'gcl-GD', 'guarani': 'gn-PY', 'gujarati': 'gu-IN', 'guyanese creole english': 'gyn-GY', 'haitian creole french': 'ht-HT', 'halh mongolian': 'khk-MN', 'hausa': 'ha-NE', 'hawaiian': 'haw-US', 'hebrew': 'he-IL', 'higi': 'hig-NG', 'hiligaynon': 'hil-PH', 'hill mari': 'mrj-RU', 'hindi': 'hi-IN', 'hmong': 'hmn-CN', 'hungarian': 'hu-HU', 'icelandic': 'is-IS', 'igbo ibo': 'ibo-NG', 'igbo ig': 'ig-NG', 'ilocano': 'ilo-PH', 'indonesian': 'id-ID', 'inuktitut greenlandic': 'kl-GL', 'irish gaelic': 'ga-IE', 'italian': 'it-IT', 'italian swiss': 'it-CH', 'jamaican creole english': 'jam-JM', 'japanese': 'ja-JP', 'javanese': 'jv-ID', 'jingpho': 'kac-MM', "k'iche'": 'quc-GT', 'kabiyè': 'kbp-TG', 'kabuverdianu': 'kea-CV', 'kabylian': 'kab-DZ', 'kalenjin': 'kln-KE', 'kamba': 'kam-KE', 'kannada': 'kn-IN', 'kanuri': 'kr-KAU', 'karen': 'kar-MM', 'kashmiri (devanagari script)': 'ks-IN', 'kashmiri (arabic script)': 'kas-IN', 'kazakh': 'kk-KZ', 'khasi': 'kha-IN', 'khmer': 'km-KH', 'kikuyu kik': 'kik-KE', 'kikuyu ki': 'ki-KE', 'kimbundu': 'kmb-AO', 'kinyarwanda': 'rw-RW', 'kirundi': 'rn-BI', 'kisii': 'guz-KE', 'kongo': 'kg-CG', 'konkani': 'kok-IN', 'korean': 'ko-KR', 'northern kurdish': 'kmr-TR', 'kurdish sorani': 'ckb-IQ', 'kyrgyz': 'ky-KG', 'lao': 'lo-LA', 'latgalian': 'ltg-LV', 'latin': 'la-XN', 'latvian': 'lv-LV', 'ligurian': 'lij-IT', 'limburgish': 'li-NL', 'lingala': 'ln-LIN', 'lithuanian': 'lt-LT', 'lombard': 'lmo-IT', 'luba-kasai': 'lua-CD', 'luganda': 'lg-UG', 'luhya': 'luy-KE', 'luo': 'luo-KE', 'luxembourgish': 'lb-LU', 'maa': 'mas-KE', 'macedonian': 'mk-MK', 'magahi': 'mag-IN', 'maithili': 'mai-IN', 'malagasy': 'mg-MG', 'malay': 'ms-MY', 'malayalam': 'ml-IN', 'maldivian': 'dv-MV', 'maltese': 'mt-MT', 'mandara': 'mfi-CM', 'manipuri': 'mni-IN', 'manx gaelic': 'gv-IM', 'maori': 'mi-NZ', 'marathi': 'mr-IN', 'margi': 'mrt-NG', 'mari': 'mhr-RU', 'marshallese': 'mh-MH', 'mende': 'men-SL', 'meru': 'mer-KE', 'mijikenda': 'nyf-KE', 'minangkabau': 'min-ID', 'mizo': 'lus-IN', 'mongolian': 'mn-MN', 'montenegrin': 'sr-ME', 'morisyen': 'mfe-MU', 'moroccan arabic': 'ar-MA', 'mossi': 'mos-BF', 'ndau': 'ndc-MZ', 'ndebele': 'nr-ZA', 'nepali': 'ne-NP', 'nigerian fulfulde': 'fuv-NG', 'niuean': 'niu-NU', 'north azerbaijani': 'azj-AZ', 'sesotho': 'nso-ZA', 'northern uzbek': 'uzn-UZ', 'norwegian bokmål': 'nb-NO', 'norwegian nynorsk': 'nn-NO', 'nuer': 'nus-SS', 'nyanja': 'ny-MW', 'occitan': 'oc-FR', 'occitan aran': 'oc-ES', 'odia': 'or-IN', 'oriya': 'ory-IN', 'urdu': 'ur-PK', 'palauan': 'pau-PW', 'pali': 'pi-IN', 'pangasinan': 'pag-PH', 'papiamentu': 'pap-CW', 'pashto': 'ps-PK', 'persian': 'fa-IR', 'pijin': 'pis-SB', 'plateau malagasy': 'plt-MG', 'polish': 'pl-PL', 'portuguese': 'pt-PT', 'portuguese brazil': 'pt-BR', 'potawatomi': 'pot-US', 'punjabi': 'pa-IN', 'punjabi (pakistan)': 'pnb-PK', 'quechua': 'qu-PE', 'rohingya': 'rhg-MM', 'rohingyalish': 'rhl-MM', 'romanian': 'ro-RO', 'romansh': 'roh-CH', 'rundi': 'run-BI', 'russian': 'ru-RU', 'saint lucian creole french': 'acf-LC', 'samoan': 'sm-WS', 'sango': 'sg-CF', 'sanskrit': 'sa-IN', 'santali': 'sat-IN', 'sardinian': 'sc-IT', 'scots gaelic': 'gd-GB', 'sena': 'seh-ZW', 'serbian cyrillic': 'sr-Cyrl-RS', 'serbian latin': 'sr-Latn-RS', 'seselwa creole french': 'crs-SC', 'setswana (south africa)': 'tn-ZA', 'shan': 'shn-MM', 'shona': 'sn-ZW', 'sicilian': 'scn-IT', 'silesian': 'szl-PL', 'sindhi snd': 'snd-PK', 'sindhi sd': 'sd-PK', 'sinhala': 'si-LK', 'slovak': 'sk-SK', 'slovenian': 'sl-SI', 'somali': 'so-SO', 'sotho southern': 'st-LS', 'south azerbaijani': 'azb-AZ', 'southern pashto': 'pbt-PK', 'southwestern dinka': 'dik-SS', 'spanish': 'es-ES', 'spanish argentina': 'es-AR', 'spanish colombia': 'es-CO', 'spanish latin america': 'es-419', 'spanish mexico': 'es-MX', 'spanish united states': 'es-US', 'sranan tongo': 'srn-SR', 'standard latvian': 'lvs-LV', 'standard malay': 'zsm-MY', 'sundanese': 'su-ID', 'swahili': 'sw-KE', 'swati': 'ss-SZ', 'swedish': 'sv-SE', 'swiss german': 'de-CH', 'syriac (aramaic)': 'syc-TR', 'tagalog': 'tl-PH', 'tahitian': 'ty-PF', 'tajik': 'tg-TJ', 'tamashek (tuareg)': 'tmh-DZ', 'tamasheq': 'taq-ML', 'tamil india': 'ta-IN', 'tamil sri lanka': 'ta-LK', 'taroko': 'trv-TW', 'tatar': 'tt-RU', 'telugu': 'te-IN', 'tetum': 'tet-TL', 'thai': 'th-TH', 'tibetan': 'bo-CN', 'tigrinya': 'ti-ET', 'tok pisin': 'tpi-PG', 'tokelauan': 'tkl-TK', 'tongan': 'to-TO', 'tosk albanian': 'als-AL', 'tsonga': 'ts-ZA', 'tswa': 'tsc-MZ', 'tswana': 'tn-BW', 'tumbuka': 'tum-MW', 'turkish': 'tr-TR', 'turkmen': 'tk-TM', 'tuvaluan': 'tvl-TV', 'twi': 'tw-GH', 'udmurt': 'udm-RU', 'ukrainian': 'uk-UA', 'uma': 'ppk-ID', 'umbundu': 'umb-AO', 'uyghur uig': 'uig-CN', 'uyghur ug': 'ug-CN', 'uzbek': 'uz-UZ', 'venetian': 'vec-IT', 'vietnamese': 'vi-VN', 'vincentian creole english': 'svc-VC', 'virgin islands creole english': 'vic-US', 'wallisian': 'wls-WF', 'waray (philippines)': 'war-PH', 'welsh': 'cy-GB', 'west central oromo': 'gaz-ET', 'western persian': 'pes-IR', 'wolof': 'wo-SN', 'xhosa': 'xh-ZA', 'yiddish': 'yi-YD', 'yoruba': 'yo-NG', 'zulu': 'zu-ZA'}
2026-08-07 11:20:15.562 | INFO     | src.gui.main_window:closeEvent:324 - 全局热键已卸载
2026-08-07 11:20:15.563 | INFO     | src.gui.main_window:closeEvent:351 - 程序已退出
2026-08-07 11:21:33.721 | INFO     | src.ocr.screen_ocr:__init__:21 - Tesseract初始化完成
2026-08-07 11:21:33.858 | INFO     | src.gui.main_window:setup_hotkeys:294 - 全局热键注册成功: Ctrl+Shift+X (屏幕翻译), Ctrl+Shift+T (剪贴板翻译)
2026-08-07 11:21:34.110 | INFO     | __main__:finish:189 - 程序启动完成
2026-08-07 11:21:41.728 | INFO     | src.gui.main_window:translate_text:153 - 手动翻译触发: 引擎=Google翻译, 源语言=auto, 目标语言=zh, 文本长度=2
2026-08-07 11:21:42.049 | INFO     | src.translator.engine:translate:38 - Google翻译成功: 你好... -> Hello...
2026-08-07 11:21:42.050 | INFO     | src.gui.main_window:on_translation_complete:188 - 翻译完成，结果长度: 5
2026-08-07 11:21:52.764 | INFO     | src.gui.main_window:translate_text:153 - 手动翻译触发: 引擎=Google翻译, 源语言=auto, 目标语言=zh, 文本长度=11
2026-08-07 11:21:52.966 | INFO     | src.translator.engine:translate:38 - Google翻译成功: How are you... -> How are you...
2026-08-07 11:21:52.966 | INFO     | src.gui.main_window:on_translation_complete:188 - 翻译完成，结果长度: 11
2026-08-07 11:22:02.542 | INFO     | src.gui.main_window:translate_text:153 - 手动翻译触发: 引擎=Google翻译, 源语言=auto, 目标语言=zh, 文本长度=2
2026-08-07 11:22:02.700 | INFO     | src.translator.engine:translate:38 - Google翻译成功: 你好... -> Hello...
2026-08-07 11:22:02.700 | INFO     | src.gui.main_window:on_translation_complete:188 - 翻译完成，结果长度: 5
2026-08-07 11:23:04.525 | INFO     | src.gui.main_window:start_screen_translate:205 - 启动屏幕区域选择
2026-08-07 11:23:06.376 | INFO     | src.gui.main_window:on_region_selected:211 - 屏幕区域已选: 594,79 106x51
2026-08-07 11:23:06.727 | INFO     | src.ocr.screen_ocr:extract_text:35 - OCR识别结果: ...
2026-08-07 11:23:06.729 | WARNING  | src.gui.main_window:on_region_selected:225 - OCR未识别到任何文本
2026-08-07 11:23:18.604 | INFO     | src.gui.main_window:start_screen_translate:205 - 启动屏幕区域选择
2026-08-07 11:23:21.191 | INFO     | src.gui.main_window:on_region_selected:211 - 屏幕区域已选: 837,314 494x320
2026-08-07 11:23:21.377 | INFO     | src.ocr.screen_ocr:extract_text:35 - OCR识别结果: Focused Other

Y Today

Shenzhen RESS Con
mulblwo

...
2026-08-07 11:23:21.379 | INFO     | src.gui.main_window:on_region_selected:221 - OCR识别文本: Focused Other

Y Today

Shenzhen RESS Con
mulblwo...
2026-08-07 11:23:21.379 | INFO     | src.gui.main_window:translate_text:153 - 手动翻译触发: 引擎=Google翻译, 源语言=auto, 目标语言=zh, 文本长度=49
2026-08-07 11:23:21.602 | INFO     | src.translator.engine:translate:38 - Google翻译成功: Focused Other

Y Today

Shenzh... -> Focused Other

Y Today

Shenzh...
2026-08-07 11:23:21.603 | INFO     | src.gui.main_window:on_translation_complete:188 - 翻译完成，结果长度: 49
2026-08-07 11:23:37.511 | INFO     | src.gui.main_window:translate_text:153 - 手动翻译触发: 引擎=DeepL, 源语言=auto, 目标语言=zh, 文本长度=5
2026-08-07 11:23:37.514 | ERROR    | src.gui.main_window:translate_text:162 - DeepL API Key 未配置
2026-08-07 11:23:49.005 | INFO     | src.gui.main_window:start_screen_translate:205 - 启动屏幕区域选择
2026-08-07 11:23:50.867 | INFO     | src.gui.main_window:on_region_selected:211 - 屏幕区域已选: 378,214 288x194
2026-08-07 11:23:51.014 | INFO     | src.ocr.screen_ocr:extract_text:35 - OCR识别结果: % Newmail v
...
2026-08-07 11:23:51.015 | INFO     | src.gui.main_window:on_region_selected:221 - OCR识别文本: % Newmail v...
2026-08-07 11:23:51.015 | INFO     | src.gui.main_window:translate_text:153 - 手动翻译触发: 引擎=DeepL, 源语言=auto, 目标语言=zh, 文本长度=11
2026-08-07 11:23:51.016 | ERROR    | src.gui.main_window:translate_text:162 - DeepL API Key 未配置
2026-08-07 11:23:56.764 | INFO     | src.gui.main_window:start_screen_translate:205 - 启动屏幕区域选择
2026-08-07 11:23:58.717 | INFO     | src.gui.main_window:on_region_selected:211 - 屏幕区域已选: 158,212 487x273
2026-08-07 11:23:58.909 | INFO     | src.ocr.screen_ocr:extract_text:35 - OCR识别结果: |
_ @ New mail
|G New mail

H VY Favorites

...
2026-08-07 11:23:58.910 | INFO     | src.gui.main_window:on_region_selected:221 - OCR识别文本: |
_ @ New mail
|G New mail

H VY Favorites...
2026-08-07 11:23:58.910 | INFO     | src.gui.main_window:translate_text:153 - 手动翻译触发: 引擎=Google翻译, 源语言=auto, 目标语言=zh, 文本长度=42
2026-08-07 11:23:59.128 | INFO     | src.translator.engine:translate:38 - Google翻译成功: |
_ @ New mail
|G New mail

H ... -> |
_ @ New mail
|G New mail

H ...
2026-08-07 11:23:59.130 | INFO     | src.gui.main_window:on_translation_complete:188 - 翻译完成，结果长度: 42
2026-08-07 11:24:09.339 | INFO     | src.gui.main_window:start_screen_translate:205 - 启动屏幕区域选择
2026-08-07 11:24:13.321 | INFO     | src.gui.main_window:on_region_selected:211 - 屏幕区域已选: 149,178 172x136
2026-08-07 11:24:13.448 | INFO     | src.ocr.screen_ocr:extract_text:35 - OCR识别结果: ...
2026-08-07 11:24:13.448 | WARNING  | src.gui.main_window:on_region_selected:225 - OCR未识别到任何文本
2026-08-07 11:24:17.514 | INFO     | src.gui.main_window:start_screen_translate:205 - 启动屏幕区域选择
2026-08-07 11:24:18.676 | INFO     | src.gui.main_window:on_region_selected:211 - 屏幕区域已选: 114,191 297x257
2026-08-07 11:24:18.827 | INFO     | src.ocr.screen_ocr:extract_text:35 - OCR识别结果: r
i.

8
...
2026-08-07 11:24:18.828 | INFO     | src.gui.main_window:on_region_selected:221 - OCR识别文本: r
i.

8...
2026-08-07 11:24:18.828 | INFO     | src.gui.main_window:translate_text:153 - 手动翻译触发: 引擎=Google翻译, 源语言=auto, 目标语言=zh, 文本长度=7
2026-08-07 11:24:19.002 | INFO     | src.translator.engine:translate:38 - Google翻译成功: r
i.

8... -> r
i.

8...
2026-08-07 11:24:19.003 | INFO     | src.gui.main_window:on_translation_complete:188 - 翻译完成，结果长度: 7
2026-08-07 11:25:20.214 | INFO     | src.gui.main_window:closeEvent:324 - 全局热键已卸载
2026-08-07 11:25:20.217 | INFO     | src.gui.main_window:closeEvent:351 - 程序已退出
2026-08-07 11:27:49.589 | INFO     | src.ocr.screen_ocr:__init__:21 - Tesseract初始化完成
2026-08-07 11:27:49.735 | INFO     | src.gui.main_window:setup_hotkeys:294 - 全局热键注册成功: Ctrl+Shift+X (屏幕翻译), Ctrl+Shift+T (剪贴板翻译)
2026-08-07 11:27:49.983 | INFO     | __main__:finish:189 - 程序启动完成
2026-08-07 11:28:08.090 | INFO     | src.gui.main_window:translate_text:153 - 手动翻译触发: 引擎=Google翻译, 源语言=auto, 目标语言=zh, 文本长度=2
2026-08-07 11:28:08.162 | ERROR    | src.gui.main_window:translate_text:171 - 创建翻译引擎失败: en --> No support for the provided language.
Please select on of the supported languages:
{'acehnese': 'ace-ID', 'afrikaans': 'af-ZA', 'akan': 'ak-GH', 'albanian': 'sq-AL', 'amharic': 'am-ET', 'antigua and barbuda creole english': 'aig-AG', 'arabic': 'ar-SA', 'arabic egyptian': 'ar-EG', 'aragonese': 'an-ES', 'armenian': 'hy-AM', 'assamese': 'as-IN', 'asturian': 'ast-ES', 'austrian german': 'de-AT', 'awadhi': 'awa-IN', 'ayacucho quechua': 'quy-PE', 'azerbaijani': 'az-AZ', 'bahamas creole english': 'bah-BS', 'bajan': 'bjs-BB', 'balinese': 'ban-ID', 'balkan gipsy': 'rm-RO', 'bambara': 'bm-ML', 'banjar': 'bjn-ID', 'bashkir': 'ba-RU', 'basque': 'eu-ES', 'belarusian': 'be-BY', 'belgian french': 'fr-BE', 'bemba': 'bem-ZM', 'bengali': 'bn-IN', 'bhojpuri': 'bho-IN', 'bihari': 'bh-IN', 'bislama': 'bi-VU', 'borana': 'gax-KE', 'bosnian': 'bs-BA', 'bosnian (cyrillic)': 'bs-Cyrl-BA', 'breton': 'br-FR', 'buginese': 'bug-ID', 'bulgarian': 'bg-BG', 'burmese': 'my-MM', 'catalan': 'ca-ES', 'catalan valencian': 'cav-ES', 'cebuano': 'ceb-PH', 'central atlas tamazight': 'tzm-MA', 'central aymara': 'ayr-BO', 'central kanuri (latin script)': 'knc-NG', 'chadian arabic': 'shu-TD', 'chamorro': 'ch-GU', 'cherokee': 'chr-US', 'chhattisgarhi': 'hne-IN', 'chinese simplified': 'zh-CN', 'chinese trad. (hong kong)': 'zh-HK', 'chinese traditional': 'zh-TW', 'chinese traditional macau': 'zh-MO', 'chittagonian': 'ctg-BD', 'chokwe': 'cjk-AO', 'classical greek': 'grc-GR', 'comorian ngazidja': 'zdj-KM', 'coptic': 'cop-EG', 'crimean tatar': 'crh-RU', 'crioulo upper guinea': 'pov-GW', 'croatian': 'hr-HR', 'czech': 'cs-CZ', 'danish': 'da-DK', 'dari': 'prs-AF', 'dimli': 'diq-TR', 'dutch': 'nl-NL', 'dyula': 'dyu-CI', 'dzongkha': 'dz-BT', 'eastern yiddish': 'ydd-US', 'emakhuwa': 'vmw-MZ', 'english': 'en-GB', 'english australia': 'en-AU', 'english canada': 'en-CA', 'english india': 'en-IN', 'english ireland': 'en-IE', 'english new zealand': 'en-NZ', 'english singapore': 'en-SG', 'english south africa': 'en-ZA', 'english us': 'en-US', 'esperanto': 'eo-EU', 'estonian': 'et-EE', 'ewe': 'ee-GH', 'fanagalo': 'fn-FNG', 'faroese': 'fo-FO', 'fijian': 'fj-FJ', 'filipino': 'fil-PH', 'finnish': 'fi-FI', 'flemish': 'nl-BE', 'fon': 'fon-BJ', 'french': 'fr-FR', 'french canada': 'fr-CA', 'french swiss': 'fr-CH', 'friulian': 'fur-IT', 'fula': 'ff-FUL', 'galician': 'gl-ES', 'gamargu': 'mfi-NG', 'garo': 'grt-IN', 'georgian': 'ka-GE', 'german': 'de-DE', 'gilbertese': 'gil-KI', 'glavda': 'glw-NG', 'greek': 'el-GR', 'grenadian creole english': 'gcl-GD', 'guarani': 'gn-PY', 'gujarati': 'gu-IN', 'guyanese creole english': 'gyn-GY', 'haitian creole french': 'ht-HT', 'halh mongolian': 'khk-MN', 'hausa': 'ha-NE', 'hawaiian': 'haw-US', 'hebrew': 'he-IL', 'higi': 'hig-NG', 'hiligaynon': 'hil-PH', 'hill mari': 'mrj-RU', 'hindi': 'hi-IN', 'hmong': 'hmn-CN', 'hungarian': 'hu-HU', 'icelandic': 'is-IS', 'igbo ibo': 'ibo-NG', 'igbo ig': 'ig-NG', 'ilocano': 'ilo-PH', 'indonesian': 'id-ID', 'inuktitut greenlandic': 'kl-GL', 'irish gaelic': 'ga-IE', 'italian': 'it-IT', 'italian swiss': 'it-CH', 'jamaican creole english': 'jam-JM', 'japanese': 'ja-JP', 'javanese': 'jv-ID', 'jingpho': 'kac-MM', "k'iche'": 'quc-GT', 'kabiyè': 'kbp-TG', 'kabuverdianu': 'kea-CV', 'kabylian': 'kab-DZ', 'kalenjin': 'kln-KE', 'kamba': 'kam-KE', 'kannada': 'kn-IN', 'kanuri': 'kr-KAU', 'karen': 'kar-MM', 'kashmiri (devanagari script)': 'ks-IN', 'kashmiri (arabic script)': 'kas-IN', 'kazakh': 'kk-KZ', 'khasi': 'kha-IN', 'khmer': 'km-KH', 'kikuyu kik': 'kik-KE', 'kikuyu ki': 'ki-KE', 'kimbundu': 'kmb-AO', 'kinyarwanda': 'rw-RW', 'kirundi': 'rn-BI', 'kisii': 'guz-KE', 'kongo': 'kg-CG', 'konkani': 'kok-IN', 'korean': 'ko-KR', 'northern kurdish': 'kmr-TR', 'kurdish sorani': 'ckb-IQ', 'kyrgyz': 'ky-KG', 'lao': 'lo-LA', 'latgalian': 'ltg-LV', 'latin': 'la-XN', 'latvian': 'lv-LV', 'ligurian': 'lij-IT', 'limburgish': 'li-NL', 'lingala': 'ln-LIN', 'lithuanian': 'lt-LT', 'lombard': 'lmo-IT', 'luba-kasai': 'lua-CD', 'luganda': 'lg-UG', 'luhya': 'luy-KE', 'luo': 'luo-KE', 'luxembourgish': 'lb-LU', 'maa': 'mas-KE', 'macedonian': 'mk-MK', 'magahi': 'mag-IN', 'maithili': 'mai-IN', 'malagasy': 'mg-MG', 'malay': 'ms-MY', 'malayalam': 'ml-IN', 'maldivian': 'dv-MV', 'maltese': 'mt-MT', 'mandara': 'mfi-CM', 'manipuri': 'mni-IN', 'manx gaelic': 'gv-IM', 'maori': 'mi-NZ', 'marathi': 'mr-IN', 'margi': 'mrt-NG', 'mari': 'mhr-RU', 'marshallese': 'mh-MH', 'mende': 'men-SL', 'meru': 'mer-KE', 'mijikenda': 'nyf-KE', 'minangkabau': 'min-ID', 'mizo': 'lus-IN', 'mongolian': 'mn-MN', 'montenegrin': 'sr-ME', 'morisyen': 'mfe-MU', 'moroccan arabic': 'ar-MA', 'mossi': 'mos-BF', 'ndau': 'ndc-MZ', 'ndebele': 'nr-ZA', 'nepali': 'ne-NP', 'nigerian fulfulde': 'fuv-NG', 'niuean': 'niu-NU', 'north azerbaijani': 'azj-AZ', 'sesotho': 'nso-ZA', 'northern uzbek': 'uzn-UZ', 'norwegian bokmål': 'nb-NO', 'norwegian nynorsk': 'nn-NO', 'nuer': 'nus-SS', 'nyanja': 'ny-MW', 'occitan': 'oc-FR', 'occitan aran': 'oc-ES', 'odia': 'or-IN', 'oriya': 'ory-IN', 'urdu': 'ur-PK', 'palauan': 'pau-PW', 'pali': 'pi-IN', 'pangasinan': 'pag-PH', 'papiamentu': 'pap-CW', 'pashto': 'ps-PK', 'persian': 'fa-IR', 'pijin': 'pis-SB', 'plateau malagasy': 'plt-MG', 'polish': 'pl-PL', 'portuguese': 'pt-PT', 'portuguese brazil': 'pt-BR', 'potawatomi': 'pot-US', 'punjabi': 'pa-IN', 'punjabi (pakistan)': 'pnb-PK', 'quechua': 'qu-PE', 'rohingya': 'rhg-MM', 'rohingyalish': 'rhl-MM', 'romanian': 'ro-RO', 'romansh': 'roh-CH', 'rundi': 'run-BI', 'russian': 'ru-RU', 'saint lucian creole french': 'acf-LC', 'samoan': 'sm-WS', 'sango': 'sg-CF', 'sanskrit': 'sa-IN', 'santali': 'sat-IN', 'sardinian': 'sc-IT', 'scots gaelic': 'gd-GB', 'sena': 'seh-ZW', 'serbian cyrillic': 'sr-Cyrl-RS', 'serbian latin': 'sr-Latn-RS', 'seselwa creole french': 'crs-SC', 'setswana (south africa)': 'tn-ZA', 'shan': 'shn-MM', 'shona': 'sn-ZW', 'sicilian': 'scn-IT', 'silesian': 'szl-PL', 'sindhi snd': 'snd-PK', 'sindhi sd': 'sd-PK', 'sinhala': 'si-LK', 'slovak': 'sk-SK', 'slovenian': 'sl-SI', 'somali': 'so-SO', 'sotho southern': 'st-LS', 'south azerbaijani': 'azb-AZ', 'southern pashto': 'pbt-PK', 'southwestern dinka': 'dik-SS', 'spanish': 'es-ES', 'spanish argentina': 'es-AR', 'spanish colombia': 'es-CO', 'spanish latin america': 'es-419', 'spanish mexico': 'es-MX', 'spanish united states': 'es-US', 'sranan tongo': 'srn-SR', 'standard latvian': 'lvs-LV', 'standard malay': 'zsm-MY', 'sundanese': 'su-ID', 'swahili': 'sw-KE', 'swati': 'ss-SZ', 'swedish': 'sv-SE', 'swiss german': 'de-CH', 'syriac (aramaic)': 'syc-TR', 'tagalog': 'tl-PH', 'tahitian': 'ty-PF', 'tajik': 'tg-TJ', 'tamashek (tuareg)': 'tmh-DZ', 'tamasheq': 'taq-ML', 'tamil india': 'ta-IN', 'tamil sri lanka': 'ta-LK', 'taroko': 'trv-TW', 'tatar': 'tt-RU', 'telugu': 'te-IN', 'tetum': 'tet-TL', 'thai': 'th-TH', 'tibetan': 'bo-CN', 'tigrinya': 'ti-ET', 'tok pisin': 'tpi-PG', 'tokelauan': 'tkl-TK', 'tongan': 'to-TO', 'tosk albanian': 'als-AL', 'tsonga': 'ts-ZA', 'tswa': 'tsc-MZ', 'tswana': 'tn-BW', 'tumbuka': 'tum-MW', 'turkish': 'tr-TR', 'turkmen': 'tk-TM', 'tuvaluan': 'tvl-TV', 'twi': 'tw-GH', 'udmurt': 'udm-RU', 'ukrainian': 'uk-UA', 'uma': 'ppk-ID', 'umbundu': 'umb-AO', 'uyghur uig': 'uig-CN', 'uyghur ug': 'ug-CN', 'uzbek': 'uz-UZ', 'venetian': 'vec-IT', 'vietnamese': 'vi-VN', 'vincentian creole english': 'svc-VC', 'virgin islands creole english': 'vic-US', 'wallisian': 'wls-WF', 'waray (philippines)': 'war-PH', 'welsh': 'cy-GB', 'west central oromo': 'gaz-ET', 'western persian': 'pes-IR', 'wolof': 'wo-SN', 'xhosa': 'xh-ZA', 'yiddish': 'yi-YD', 'yoruba': 'yo-NG', 'zulu': 'zu-ZA'}
2026-08-07 11:28:20.359 | INFO     | src.gui.main_window:translate_text:153 - 手动翻译触发: 引擎=Google翻译, 源语言=auto, 目标语言=zh, 文本长度=5
2026-08-07 11:28:20.360 | ERROR    | src.gui.main_window:translate_text:171 - 创建翻译引擎失败: en --> No support for the provided language.
Please select on of the supported languages:
{'acehnese': 'ace-ID', 'afrikaans': 'af-ZA', 'akan': 'ak-GH', 'albanian': 'sq-AL', 'amharic': 'am-ET', 'antigua and barbuda creole english': 'aig-AG', 'arabic': 'ar-SA', 'arabic egyptian': 'ar-EG', 'aragonese': 'an-ES', 'armenian': 'hy-AM', 'assamese': 'as-IN', 'asturian': 'ast-ES', 'austrian german': 'de-AT', 'awadhi': 'awa-IN', 'ayacucho quechua': 'quy-PE', 'azerbaijani': 'az-AZ', 'bahamas creole english': 'bah-BS', 'bajan': 'bjs-BB', 'balinese': 'ban-ID', 'balkan gipsy': 'rm-RO', 'bambara': 'bm-ML', 'banjar': 'bjn-ID', 'bashkir': 'ba-RU', 'basque': 'eu-ES', 'belarusian': 'be-BY', 'belgian french': 'fr-BE', 'bemba': 'bem-ZM', 'bengali': 'bn-IN', 'bhojpuri': 'bho-IN', 'bihari': 'bh-IN', 'bislama': 'bi-VU', 'borana': 'gax-KE', 'bosnian': 'bs-BA', 'bosnian (cyrillic)': 'bs-Cyrl-BA', 'breton': 'br-FR', 'buginese': 'bug-ID', 'bulgarian': 'bg-BG', 'burmese': 'my-MM', 'catalan': 'ca-ES', 'catalan valencian': 'cav-ES', 'cebuano': 'ceb-PH', 'central atlas tamazight': 'tzm-MA', 'central aymara': 'ayr-BO', 'central kanuri (latin script)': 'knc-NG', 'chadian arabic': 'shu-TD', 'chamorro': 'ch-GU', 'cherokee': 'chr-US', 'chhattisgarhi': 'hne-IN', 'chinese simplified': 'zh-CN', 'chinese trad. (hong kong)': 'zh-HK', 'chinese traditional': 'zh-TW', 'chinese traditional macau': 'zh-MO', 'chittagonian': 'ctg-BD', 'chokwe': 'cjk-AO', 'classical greek': 'grc-GR', 'comorian ngazidja': 'zdj-KM', 'coptic': 'cop-EG', 'crimean tatar': 'crh-RU', 'crioulo upper guinea': 'pov-GW', 'croatian': 'hr-HR', 'czech': 'cs-CZ', 'danish': 'da-DK', 'dari': 'prs-AF', 'dimli': 'diq-TR', 'dutch': 'nl-NL', 'dyula': 'dyu-CI', 'dzongkha': 'dz-BT', 'eastern yiddish': 'ydd-US', 'emakhuwa': 'vmw-MZ', 'english': 'en-GB', 'english australia': 'en-AU', 'english canada': 'en-CA', 'english india': 'en-IN', 'english ireland': 'en-IE', 'english new zealand': 'en-NZ', 'english singapore': 'en-SG', 'english south africa': 'en-ZA', 'english us': 'en-US', 'esperanto': 'eo-EU', 'estonian': 'et-EE', 'ewe': 'ee-GH', 'fanagalo': 'fn-FNG', 'faroese': 'fo-FO', 'fijian': 'fj-FJ', 'filipino': 'fil-PH', 'finnish': 'fi-FI', 'flemish': 'nl-BE', 'fon': 'fon-BJ', 'french': 'fr-FR', 'french canada': 'fr-CA', 'french swiss': 'fr-CH', 'friulian': 'fur-IT', 'fula': 'ff-FUL', 'galician': 'gl-ES', 'gamargu': 'mfi-NG', 'garo': 'grt-IN', 'georgian': 'ka-GE', 'german': 'de-DE', 'gilbertese': 'gil-KI', 'glavda': 'glw-NG', 'greek': 'el-GR', 'grenadian creole english': 'gcl-GD', 'guarani': 'gn-PY', 'gujarati': 'gu-IN', 'guyanese creole english': 'gyn-GY', 'haitian creole french': 'ht-HT', 'halh mongolian': 'khk-MN', 'hausa': 'ha-NE', 'hawaiian': 'haw-US', 'hebrew': 'he-IL', 'higi': 'hig-NG', 'hiligaynon': 'hil-PH', 'hill mari': 'mrj-RU', 'hindi': 'hi-IN', 'hmong': 'hmn-CN', 'hungarian': 'hu-HU', 'icelandic': 'is-IS', 'igbo ibo': 'ibo-NG', 'igbo ig': 'ig-NG', 'ilocano': 'ilo-PH', 'indonesian': 'id-ID', 'inuktitut greenlandic': 'kl-GL', 'irish gaelic': 'ga-IE', 'italian': 'it-IT', 'italian swiss': 'it-CH', 'jamaican creole english': 'jam-JM', 'japanese': 'ja-JP', 'javanese': 'jv-ID', 'jingpho': 'kac-MM', "k'iche'": 'quc-GT', 'kabiyè': 'kbp-TG', 'kabuverdianu': 'kea-CV', 'kabylian': 'kab-DZ', 'kalenjin': 'kln-KE', 'kamba': 'kam-KE', 'kannada': 'kn-IN', 'kanuri': 'kr-KAU', 'karen': 'kar-MM', 'kashmiri (devanagari script)': 'ks-IN', 'kashmiri (arabic script)': 'kas-IN', 'kazakh': 'kk-KZ', 'khasi': 'kha-IN', 'khmer': 'km-KH', 'kikuyu kik': 'kik-KE', 'kikuyu ki': 'ki-KE', 'kimbundu': 'kmb-AO', 'kinyarwanda': 'rw-RW', 'kirundi': 'rn-BI', 'kisii': 'guz-KE', 'kongo': 'kg-CG', 'konkani': 'kok-IN', 'korean': 'ko-KR', 'northern kurdish': 'kmr-TR', 'kurdish sorani': 'ckb-IQ', 'kyrgyz': 'ky-KG', 'lao': 'lo-LA', 'latgalian': 'ltg-LV', 'latin': 'la-XN', 'latvian': 'lv-LV', 'ligurian': 'lij-IT', 'limburgish': 'li-NL', 'lingala': 'ln-LIN', 'lithuanian': 'lt-LT', 'lombard': 'lmo-IT', 'luba-kasai': 'lua-CD', 'luganda': 'lg-UG', 'luhya': 'luy-KE', 'luo': 'luo-KE', 'luxembourgish': 'lb-LU', 'maa': 'mas-KE', 'macedonian': 'mk-MK', 'magahi': 'mag-IN', 'maithili': 'mai-IN', 'malagasy': 'mg-MG', 'malay': 'ms-MY', 'malayalam': 'ml-IN', 'maldivian': 'dv-MV', 'maltese': 'mt-MT', 'mandara': 'mfi-CM', 'manipuri': 'mni-IN', 'manx gaelic': 'gv-IM', 'maori': 'mi-NZ', 'marathi': 'mr-IN', 'margi': 'mrt-NG', 'mari': 'mhr-RU', 'marshallese': 'mh-MH', 'mende': 'men-SL', 'meru': 'mer-KE', 'mijikenda': 'nyf-KE', 'minangkabau': 'min-ID', 'mizo': 'lus-IN', 'mongolian': 'mn-MN', 'montenegrin': 'sr-ME', 'morisyen': 'mfe-MU', 'moroccan arabic': 'ar-MA', 'mossi': 'mos-BF', 'ndau': 'ndc-MZ', 'ndebele': 'nr-ZA', 'nepali': 'ne-NP', 'nigerian fulfulde': 'fuv-NG', 'niuean': 'niu-NU', 'north azerbaijani': 'azj-AZ', 'sesotho': 'nso-ZA', 'northern uzbek': 'uzn-UZ', 'norwegian bokmål': 'nb-NO', 'norwegian nynorsk': 'nn-NO', 'nuer': 'nus-SS', 'nyanja': 'ny-MW', 'occitan': 'oc-FR', 'occitan aran': 'oc-ES', 'odia': 'or-IN', 'oriya': 'ory-IN', 'urdu': 'ur-PK', 'palauan': 'pau-PW', 'pali': 'pi-IN', 'pangasinan': 'pag-PH', 'papiamentu': 'pap-CW', 'pashto': 'ps-PK', 'persian': 'fa-IR', 'pijin': 'pis-SB', 'plateau malagasy': 'plt-MG', 'polish': 'pl-PL', 'portuguese': 'pt-PT', 'portuguese brazil': 'pt-BR', 'potawatomi': 'pot-US', 'punjabi': 'pa-IN', 'punjabi (pakistan)': 'pnb-PK', 'quechua': 'qu-PE', 'rohingya': 'rhg-MM', 'rohingyalish': 'rhl-MM', 'romanian': 'ro-RO', 'romansh': 'roh-CH', 'rundi': 'run-BI', 'russian': 'ru-RU', 'saint lucian creole french': 'acf-LC', 'samoan': 'sm-WS', 'sango': 'sg-CF', 'sanskrit': 'sa-IN', 'santali': 'sat-IN', 'sardinian': 'sc-IT', 'scots gaelic': 'gd-GB', 'sena': 'seh-ZW', 'serbian cyrillic': 'sr-Cyrl-RS', 'serbian latin': 'sr-Latn-RS', 'seselwa creole french': 'crs-SC', 'setswana (south africa)': 'tn-ZA', 'shan': 'shn-MM', 'shona': 'sn-ZW', 'sicilian': 'scn-IT', 'silesian': 'szl-PL', 'sindhi snd': 'snd-PK', 'sindhi sd': 'sd-PK', 'sinhala': 'si-LK', 'slovak': 'sk-SK', 'slovenian': 'sl-SI', 'somali': 'so-SO', 'sotho southern': 'st-LS', 'south azerbaijani': 'azb-AZ', 'southern pashto': 'pbt-PK', 'southwestern dinka': 'dik-SS', 'spanish': 'es-ES', 'spanish argentina': 'es-AR', 'spanish colombia': 'es-CO', 'spanish latin america': 'es-419', 'spanish mexico': 'es-MX', 'spanish united states': 'es-US', 'sranan tongo': 'srn-SR', 'standard latvian': 'lvs-LV', 'standard malay': 'zsm-MY', 'sundanese': 'su-ID', 'swahili': 'sw-KE', 'swati': 'ss-SZ', 'swedish': 'sv-SE', 'swiss german': 'de-CH', 'syriac (aramaic)': 'syc-TR', 'tagalog': 'tl-PH', 'tahitian': 'ty-PF', 'tajik': 'tg-TJ', 'tamashek (tuareg)': 'tmh-DZ', 'tamasheq': 'taq-ML', 'tamil india': 'ta-IN', 'tamil sri lanka': 'ta-LK', 'taroko': 'trv-TW', 'tatar': 'tt-RU', 'telugu': 'te-IN', 'tetum': 'tet-TL', 'thai': 'th-TH', 'tibetan': 'bo-CN', 'tigrinya': 'ti-ET', 'tok pisin': 'tpi-PG', 'tokelauan': 'tkl-TK', 'tongan': 'to-TO', 'tosk albanian': 'als-AL', 'tsonga': 'ts-ZA', 'tswa': 'tsc-MZ', 'tswana': 'tn-BW', 'tumbuka': 'tum-MW', 'turkish': 'tr-TR', 'turkmen': 'tk-TM', 'tuvaluan': 'tvl-TV', 'twi': 'tw-GH', 'udmurt': 'udm-RU', 'ukrainian': 'uk-UA', 'uma': 'ppk-ID', 'umbundu': 'umb-AO', 'uyghur uig': 'uig-CN', 'uyghur ug': 'ug-CN', 'uzbek': 'uz-UZ', 'venetian': 'vec-IT', 'vietnamese': 'vi-VN', 'vincentian creole english': 'svc-VC', 'virgin islands creole english': 'vic-US', 'wallisian': 'wls-WF', 'waray (philippines)': 'war-PH', 'welsh': 'cy-GB', 'west central oromo': 'gaz-ET', 'western persian': 'pes-IR', 'wolof': 'wo-SN', 'xhosa': 'xh-ZA', 'yiddish': 'yi-YD', 'yoruba': 'yo-NG', 'zulu': 'zu-ZA'}
2026-08-07 11:28:25.402 | INFO     | src.gui.main_window:closeEvent:324 - 全局热键已卸载
2026-08-07 11:28:25.403 | INFO     | src.gui.main_window:closeEvent:351 - 程序已退出
2026-08-07 11:33:18.549 | INFO     | src.ocr.screen_ocr:__init__:21 - Tesseract初始化完成
2026-08-07 11:33:18.681 | INFO     | src.gui.main_window:setup_hotkeys:294 - 全局热键注册成功: Ctrl+Shift+X (屏幕翻译), Ctrl+Shift+T (剪贴板翻译)
2026-08-07 11:33:18.938 | INFO     | __main__:finish:189 - 程序启动完成
2026-08-07 11:33:26.757 | INFO     | src.gui.main_window:translate_text:153 - 手动翻译触发: 引擎=Google翻译, 源语言=auto, 目标语言=zh, 文本长度=5
2026-08-07 11:33:26.834 | ERROR    | src.gui.main_window:translate_text:171 - 创建翻译引擎失败: en --> No support for the provided language.
Please select on of the supported languages:
{'acehnese': 'ace-ID', 'afrikaans': 'af-ZA', 'akan': 'ak-GH', 'albanian': 'sq-AL', 'amharic': 'am-ET', 'antigua and barbuda creole english': 'aig-AG', 'arabic': 'ar-SA', 'arabic egyptian': 'ar-EG', 'aragonese': 'an-ES', 'armenian': 'hy-AM', 'assamese': 'as-IN', 'asturian': 'ast-ES', 'austrian german': 'de-AT', 'awadhi': 'awa-IN', 'ayacucho quechua': 'quy-PE', 'azerbaijani': 'az-AZ', 'bahamas creole english': 'bah-BS', 'bajan': 'bjs-BB', 'balinese': 'ban-ID', 'balkan gipsy': 'rm-RO', 'bambara': 'bm-ML', 'banjar': 'bjn-ID', 'bashkir': 'ba-RU', 'basque': 'eu-ES', 'belarusian': 'be-BY', 'belgian french': 'fr-BE', 'bemba': 'bem-ZM', 'bengali': 'bn-IN', 'bhojpuri': 'bho-IN', 'bihari': 'bh-IN', 'bislama': 'bi-VU', 'borana': 'gax-KE', 'bosnian': 'bs-BA', 'bosnian (cyrillic)': 'bs-Cyrl-BA', 'breton': 'br-FR', 'buginese': 'bug-ID', 'bulgarian': 'bg-BG', 'burmese': 'my-MM', 'catalan': 'ca-ES', 'catalan valencian': 'cav-ES', 'cebuano': 'ceb-PH', 'central atlas tamazight': 'tzm-MA', 'central aymara': 'ayr-BO', 'central kanuri (latin script)': 'knc-NG', 'chadian arabic': 'shu-TD', 'chamorro': 'ch-GU', 'cherokee': 'chr-US', 'chhattisgarhi': 'hne-IN', 'chinese simplified': 'zh-CN', 'chinese trad. (hong kong)': 'zh-HK', 'chinese traditional': 'zh-TW', 'chinese traditional macau': 'zh-MO', 'chittagonian': 'ctg-BD', 'chokwe': 'cjk-AO', 'classical greek': 'grc-GR', 'comorian ngazidja': 'zdj-KM', 'coptic': 'cop-EG', 'crimean tatar': 'crh-RU', 'crioulo upper guinea': 'pov-GW', 'croatian': 'hr-HR', 'czech': 'cs-CZ', 'danish': 'da-DK', 'dari': 'prs-AF', 'dimli': 'diq-TR', 'dutch': 'nl-NL', 'dyula': 'dyu-CI', 'dzongkha': 'dz-BT', 'eastern yiddish': 'ydd-US', 'emakhuwa': 'vmw-MZ', 'english': 'en-GB', 'english australia': 'en-AU', 'english canada': 'en-CA', 'english india': 'en-IN', 'english ireland': 'en-IE', 'english new zealand': 'en-NZ', 'english singapore': 'en-SG', 'english south africa': 'en-ZA', 'english us': 'en-US', 'esperanto': 'eo-EU', 'estonian': 'et-EE', 'ewe': 'ee-GH', 'fanagalo': 'fn-FNG', 'faroese': 'fo-FO', 'fijian': 'fj-FJ', 'filipino': 'fil-PH', 'finnish': 'fi-FI', 'flemish': 'nl-BE', 'fon': 'fon-BJ', 'french': 'fr-FR', 'french canada': 'fr-CA', 'french swiss': 'fr-CH', 'friulian': 'fur-IT', 'fula': 'ff-FUL', 'galician': 'gl-ES', 'gamargu': 'mfi-NG', 'garo': 'grt-IN', 'georgian': 'ka-GE', 'german': 'de-DE', 'gilbertese': 'gil-KI', 'glavda': 'glw-NG', 'greek': 'el-GR', 'grenadian creole english': 'gcl-GD', 'guarani': 'gn-PY', 'gujarati': 'gu-IN', 'guyanese creole english': 'gyn-GY', 'haitian creole french': 'ht-HT', 'halh mongolian': 'khk-MN', 'hausa': 'ha-NE', 'hawaiian': 'haw-US', 'hebrew': 'he-IL', 'higi': 'hig-NG', 'hiligaynon': 'hil-PH', 'hill mari': 'mrj-RU', 'hindi': 'hi-IN', 'hmong': 'hmn-CN', 'hungarian': 'hu-HU', 'icelandic': 'is-IS', 'igbo ibo': 'ibo-NG', 'igbo ig': 'ig-NG', 'ilocano': 'ilo-PH', 'indonesian': 'id-ID', 'inuktitut greenlandic': 'kl-GL', 'irish gaelic': 'ga-IE', 'italian': 'it-IT', 'italian swiss': 'it-CH', 'jamaican creole english': 'jam-JM', 'japanese': 'ja-JP', 'javanese': 'jv-ID', 'jingpho': 'kac-MM', "k'iche'": 'quc-GT', 'kabiyè': 'kbp-TG', 'kabuverdianu': 'kea-CV', 'kabylian': 'kab-DZ', 'kalenjin': 'kln-KE', 'kamba': 'kam-KE', 'kannada': 'kn-IN', 'kanuri': 'kr-KAU', 'karen': 'kar-MM', 'kashmiri (devanagari script)': 'ks-IN', 'kashmiri (arabic script)': 'kas-IN', 'kazakh': 'kk-KZ', 'khasi': 'kha-IN', 'khmer': 'km-KH', 'kikuyu kik': 'kik-KE', 'kikuyu ki': 'ki-KE', 'kimbundu': 'kmb-AO', 'kinyarwanda': 'rw-RW', 'kirundi': 'rn-BI', 'kisii': 'guz-KE', 'kongo': 'kg-CG', 'konkani': 'kok-IN', 'korean': 'ko-KR', 'northern kurdish': 'kmr-TR', 'kurdish sorani': 'ckb-IQ', 'kyrgyz': 'ky-KG', 'lao': 'lo-LA', 'latgalian': 'ltg-LV', 'latin': 'la-XN', 'latvian': 'lv-LV', 'ligurian': 'lij-IT', 'limburgish': 'li-NL', 'lingala': 'ln-LIN', 'lithuanian': 'lt-LT', 'lombard': 'lmo-IT', 'luba-kasai': 'lua-CD', 'luganda': 'lg-UG', 'luhya': 'luy-KE', 'luo': 'luo-KE', 'luxembourgish': 'lb-LU', 'maa': 'mas-KE', 'macedonian': 'mk-MK', 'magahi': 'mag-IN', 'maithili': 'mai-IN', 'malagasy': 'mg-MG', 'malay': 'ms-MY', 'malayalam': 'ml-IN', 'maldivian': 'dv-MV', 'maltese': 'mt-MT', 'mandara': 'mfi-CM', 'manipuri': 'mni-IN', 'manx gaelic': 'gv-IM', 'maori': 'mi-NZ', 'marathi': 'mr-IN', 'margi': 'mrt-NG', 'mari': 'mhr-RU', 'marshallese': 'mh-MH', 'mende': 'men-SL', 'meru': 'mer-KE', 'mijikenda': 'nyf-KE', 'minangkabau': 'min-ID', 'mizo': 'lus-IN', 'mongolian': 'mn-MN', 'montenegrin': 'sr-ME', 'morisyen': 'mfe-MU', 'moroccan arabic': 'ar-MA', 'mossi': 'mos-BF', 'ndau': 'ndc-MZ', 'ndebele': 'nr-ZA', 'nepali': 'ne-NP', 'nigerian fulfulde': 'fuv-NG', 'niuean': 'niu-NU', 'north azerbaijani': 'azj-AZ', 'sesotho': 'nso-ZA', 'northern uzbek': 'uzn-UZ', 'norwegian bokmål': 'nb-NO', 'norwegian nynorsk': 'nn-NO', 'nuer': 'nus-SS', 'nyanja': 'ny-MW', 'occitan': 'oc-FR', 'occitan aran': 'oc-ES', 'odia': 'or-IN', 'oriya': 'ory-IN', 'urdu': 'ur-PK', 'palauan': 'pau-PW', 'pali': 'pi-IN', 'pangasinan': 'pag-PH', 'papiamentu': 'pap-CW', 'pashto': 'ps-PK', 'persian': 'fa-IR', 'pijin': 'pis-SB', 'plateau malagasy': 'plt-MG', 'polish': 'pl-PL', 'portuguese': 'pt-PT', 'portuguese brazil': 'pt-BR', 'potawatomi': 'pot-US', 'punjabi': 'pa-IN', 'punjabi (pakistan)': 'pnb-PK', 'quechua': 'qu-PE', 'rohingya': 'rhg-MM', 'rohingyalish': 'rhl-MM', 'romanian': 'ro-RO', 'romansh': 'roh-CH', 'rundi': 'run-BI', 'russian': 'ru-RU', 'saint lucian creole french': 'acf-LC', 'samoan': 'sm-WS', 'sango': 'sg-CF', 'sanskrit': 'sa-IN', 'santali': 'sat-IN', 'sardinian': 'sc-IT', 'scots gaelic': 'gd-GB', 'sena': 'seh-ZW', 'serbian cyrillic': 'sr-Cyrl-RS', 'serbian latin': 'sr-Latn-RS', 'seselwa creole french': 'crs-SC', 'setswana (south africa)': 'tn-ZA', 'shan': 'shn-MM', 'shona': 'sn-ZW', 'sicilian': 'scn-IT', 'silesian': 'szl-PL', 'sindhi snd': 'snd-PK', 'sindhi sd': 'sd-PK', 'sinhala': 'si-LK', 'slovak': 'sk-SK', 'slovenian': 'sl-SI', 'somali': 'so-SO', 'sotho southern': 'st-LS', 'south azerbaijani': 'azb-AZ', 'southern pashto': 'pbt-PK', 'southwestern dinka': 'dik-SS', 'spanish': 'es-ES', 'spanish argentina': 'es-AR', 'spanish colombia': 'es-CO', 'spanish latin america': 'es-419', 'spanish mexico': 'es-MX', 'spanish united states': 'es-US', 'sranan tongo': 'srn-SR', 'standard latvian': 'lvs-LV', 'standard malay': 'zsm-MY', 'sundanese': 'su-ID', 'swahili': 'sw-KE', 'swati': 'ss-SZ', 'swedish': 'sv-SE', 'swiss german': 'de-CH', 'syriac (aramaic)': 'syc-TR', 'tagalog': 'tl-PH', 'tahitian': 'ty-PF', 'tajik': 'tg-TJ', 'tamashek (tuareg)': 'tmh-DZ', 'tamasheq': 'taq-ML', 'tamil india': 'ta-IN', 'tamil sri lanka': 'ta-LK', 'taroko': 'trv-TW', 'tatar': 'tt-RU', 'telugu': 'te-IN', 'tetum': 'tet-TL', 'thai': 'th-TH', 'tibetan': 'bo-CN', 'tigrinya': 'ti-ET', 'tok pisin': 'tpi-PG', 'tokelauan': 'tkl-TK', 'tongan': 'to-TO', 'tosk albanian': 'als-AL', 'tsonga': 'ts-ZA', 'tswa': 'tsc-MZ', 'tswana': 'tn-BW', 'tumbuka': 'tum-MW', 'turkish': 'tr-TR', 'turkmen': 'tk-TM', 'tuvaluan': 'tvl-TV', 'twi': 'tw-GH', 'udmurt': 'udm-RU', 'ukrainian': 'uk-UA', 'uma': 'ppk-ID', 'umbundu': 'umb-AO', 'uyghur uig': 'uig-CN', 'uyghur ug': 'ug-CN', 'uzbek': 'uz-UZ', 'venetian': 'vec-IT', 'vietnamese': 'vi-VN', 'vincentian creole english': 'svc-VC', 'virgin islands creole english': 'vic-US', 'wallisian': 'wls-WF', 'waray (philippines)': 'war-PH', 'welsh': 'cy-GB', 'west central oromo': 'gaz-ET', 'western persian': 'pes-IR', 'wolof': 'wo-SN', 'xhosa': 'xh-ZA', 'yiddish': 'yi-YD', 'yoruba': 'yo-NG', 'zulu': 'zu-ZA'}
2026-08-07 11:33:46.677 | INFO     | src.gui.main_window:translate_text:153 - 手动翻译触发: 引擎=DeepL, 源语言=auto, 目标语言=zh, 文本长度=2
2026-08-07 11:33:46.679 | ERROR    | src.gui.main_window:translate_text:162 - DeepL API Key 未配置
2026-08-07 11:33:51.054 | INFO     | src.gui.main_window:translate_text:153 - 手动翻译触发: 引擎=离线翻译, 源语言=auto, 目标语言=zh, 文本长度=2
2026-08-07 11:33:51.055 | ERROR    | src.translator.engine:__init__:110 - argostranslate 未安装，请运行: pip install argostranslate
2026-08-07 11:33:51.055 | ERROR    | src.gui.main_window:translate_text:171 - 创建翻译引擎失败: No module named 'argostranslate'
2026-08-07 11:33:55.501 | INFO     | src.gui.main_window:closeEvent:324 - 全局热键已卸载
2026-08-07 11:33:55.501 | INFO     | src.gui.main_window:closeEvent:351 - 程序已退出
2026-08-07 11:35:17.953 | INFO     | src.ocr.screen_ocr:__init__:21 - Tesseract初始化完成
2026-08-07 11:35:18.092 | INFO     | src.gui.main_window:setup_hotkeys:294 - 全局热键注册成功: Ctrl+Shift+X (屏幕翻译), Ctrl+Shift+T (剪贴板翻译)
2026-08-07 11:35:18.355 | INFO     | __main__:finish:189 - 程序启动完成
2026-08-07 11:35:28.048 | INFO     | src.gui.main_window:translate_text:153 - 手动翻译触发: 引擎=Google翻译, 源语言=auto, 目标语言=zh, 文本长度=2
2026-08-07 11:35:28.117 | ERROR    | src.gui.main_window:translate_text:171 - 创建翻译引擎失败: en --> No support for the provided language.
Please select on of the supported languages:
{'acehnese': 'ace-ID', 'afrikaans': 'af-ZA', 'akan': 'ak-GH', 'albanian': 'sq-AL', 'amharic': 'am-ET', 'antigua and barbuda creole english': 'aig-AG', 'arabic': 'ar-SA', 'arabic egyptian': 'ar-EG', 'aragonese': 'an-ES', 'armenian': 'hy-AM', 'assamese': 'as-IN', 'asturian': 'ast-ES', 'austrian german': 'de-AT', 'awadhi': 'awa-IN', 'ayacucho quechua': 'quy-PE', 'azerbaijani': 'az-AZ', 'bahamas creole english': 'bah-BS', 'bajan': 'bjs-BB', 'balinese': 'ban-ID', 'balkan gipsy': 'rm-RO', 'bambara': 'bm-ML', 'banjar': 'bjn-ID', 'bashkir': 'ba-RU', 'basque': 'eu-ES', 'belarusian': 'be-BY', 'belgian french': 'fr-BE', 'bemba': 'bem-ZM', 'bengali': 'bn-IN', 'bhojpuri': 'bho-IN', 'bihari': 'bh-IN', 'bislama': 'bi-VU', 'borana': 'gax-KE', 'bosnian': 'bs-BA', 'bosnian (cyrillic)': 'bs-Cyrl-BA', 'breton': 'br-FR', 'buginese': 'bug-ID', 'bulgarian': 'bg-BG', 'burmese': 'my-MM', 'catalan': 'ca-ES', 'catalan valencian': 'cav-ES', 'cebuano': 'ceb-PH', 'central atlas tamazight': 'tzm-MA', 'central aymara': 'ayr-BO', 'central kanuri (latin script)': 'knc-NG', 'chadian arabic': 'shu-TD', 'chamorro': 'ch-GU', 'cherokee': 'chr-US', 'chhattisgarhi': 'hne-IN', 'chinese simplified': 'zh-CN', 'chinese trad. (hong kong)': 'zh-HK', 'chinese traditional': 'zh-TW', 'chinese traditional macau': 'zh-MO', 'chittagonian': 'ctg-BD', 'chokwe': 'cjk-AO', 'classical greek': 'grc-GR', 'comorian ngazidja': 'zdj-KM', 'coptic': 'cop-EG', 'crimean tatar': 'crh-RU', 'crioulo upper guinea': 'pov-GW', 'croatian': 'hr-HR', 'czech': 'cs-CZ', 'danish': 'da-DK', 'dari': 'prs-AF', 'dimli': 'diq-TR', 'dutch': 'nl-NL', 'dyula': 'dyu-CI', 'dzongkha': 'dz-BT', 'eastern yiddish': 'ydd-US', 'emakhuwa': 'vmw-MZ', 'english': 'en-GB', 'english australia': 'en-AU', 'english canada': 'en-CA', 'english india': 'en-IN', 'english ireland': 'en-IE', 'english new zealand': 'en-NZ', 'english singapore': 'en-SG', 'english south africa': 'en-ZA', 'english us': 'en-US', 'esperanto': 'eo-EU', 'estonian': 'et-EE', 'ewe': 'ee-GH', 'fanagalo': 'fn-FNG', 'faroese': 'fo-FO', 'fijian': 'fj-FJ', 'filipino': 'fil-PH', 'finnish': 'fi-FI', 'flemish': 'nl-BE', 'fon': 'fon-BJ', 'french': 'fr-FR', 'french canada': 'fr-CA', 'french swiss': 'fr-CH', 'friulian': 'fur-IT', 'fula': 'ff-FUL', 'galician': 'gl-ES', 'gamargu': 'mfi-NG', 'garo': 'grt-IN', 'georgian': 'ka-GE', 'german': 'de-DE', 'gilbertese': 'gil-KI', 'glavda': 'glw-NG', 'greek': 'el-GR', 'grenadian creole english': 'gcl-GD', 'guarani': 'gn-PY', 'gujarati': 'gu-IN', 'guyanese creole english': 'gyn-GY', 'haitian creole french': 'ht-HT', 'halh mongolian': 'khk-MN', 'hausa': 'ha-NE', 'hawaiian': 'haw-US', 'hebrew': 'he-IL', 'higi': 'hig-NG', 'hiligaynon': 'hil-PH', 'hill mari': 'mrj-RU', 'hindi': 'hi-IN', 'hmong': 'hmn-CN', 'hungarian': 'hu-HU', 'icelandic': 'is-IS', 'igbo ibo': 'ibo-NG', 'igbo ig': 'ig-NG', 'ilocano': 'ilo-PH', 'indonesian': 'id-ID', 'inuktitut greenlandic': 'kl-GL', 'irish gaelic': 'ga-IE', 'italian': 'it-IT', 'italian swiss': 'it-CH', 'jamaican creole english': 'jam-JM', 'japanese': 'ja-JP', 'javanese': 'jv-ID', 'jingpho': 'kac-MM', "k'iche'": 'quc-GT', 'kabiyè': 'kbp-TG', 'kabuverdianu': 'kea-CV', 'kabylian': 'kab-DZ', 'kalenjin': 'kln-KE', 'kamba': 'kam-KE', 'kannada': 'kn-IN', 'kanuri': 'kr-KAU', 'karen': 'kar-MM', 'kashmiri (devanagari script)': 'ks-IN', 'kashmiri (arabic script)': 'kas-IN', 'kazakh': 'kk-KZ', 'khasi': 'kha-IN', 'khmer': 'km-KH', 'kikuyu kik': 'kik-KE', 'kikuyu ki': 'ki-KE', 'kimbundu': 'kmb-AO', 'kinyarwanda': 'rw-RW', 'kirundi': 'rn-BI', 'kisii': 'guz-KE', 'kongo': 'kg-CG', 'konkani': 'kok-IN', 'korean': 'ko-KR', 'northern kurdish': 'kmr-TR', 'kurdish sorani': 'ckb-IQ', 'kyrgyz': 'ky-KG', 'lao': 'lo-LA', 'latgalian': 'ltg-LV', 'latin': 'la-XN', 'latvian': 'lv-LV', 'ligurian': 'lij-IT', 'limburgish': 'li-NL', 'lingala': 'ln-LIN', 'lithuanian': 'lt-LT', 'lombard': 'lmo-IT', 'luba-kasai': 'lua-CD', 'luganda': 'lg-UG', 'luhya': 'luy-KE', 'luo': 'luo-KE', 'luxembourgish': 'lb-LU', 'maa': 'mas-KE', 'macedonian': 'mk-MK', 'magahi': 'mag-IN', 'maithili': 'mai-IN', 'malagasy': 'mg-MG', 'malay': 'ms-MY', 'malayalam': 'ml-IN', 'maldivian': 'dv-MV', 'maltese': 'mt-MT', 'mandara': 'mfi-CM', 'manipuri': 'mni-IN', 'manx gaelic': 'gv-IM', 'maori': 'mi-NZ', 'marathi': 'mr-IN', 'margi': 'mrt-NG', 'mari': 'mhr-RU', 'marshallese': 'mh-MH', 'mende': 'men-SL', 'meru': 'mer-KE', 'mijikenda': 'nyf-KE', 'minangkabau': 'min-ID', 'mizo': 'lus-IN', 'mongolian': 'mn-MN', 'montenegrin': 'sr-ME', 'morisyen': 'mfe-MU', 'moroccan arabic': 'ar-MA', 'mossi': 'mos-BF', 'ndau': 'ndc-MZ', 'ndebele': 'nr-ZA', 'nepali': 'ne-NP', 'nigerian fulfulde': 'fuv-NG', 'niuean': 'niu-NU', 'north azerbaijani': 'azj-AZ', 'sesotho': 'nso-ZA', 'northern uzbek': 'uzn-UZ', 'norwegian bokmål': 'nb-NO', 'norwegian nynorsk': 'nn-NO', 'nuer': 'nus-SS', 'nyanja': 'ny-MW', 'occitan': 'oc-FR', 'occitan aran': 'oc-ES', 'odia': 'or-IN', 'oriya': 'ory-IN', 'urdu': 'ur-PK', 'palauan': 'pau-PW', 'pali': 'pi-IN', 'pangasinan': 'pag-PH', 'papiamentu': 'pap-CW', 'pashto': 'ps-PK', 'persian': 'fa-IR', 'pijin': 'pis-SB', 'plateau malagasy': 'plt-MG', 'polish': 'pl-PL', 'portuguese': 'pt-PT', 'portuguese brazil': 'pt-BR', 'potawatomi': 'pot-US', 'punjabi': 'pa-IN', 'punjabi (pakistan)': 'pnb-PK', 'quechua': 'qu-PE', 'rohingya': 'rhg-MM', 'rohingyalish': 'rhl-MM', 'romanian': 'ro-RO', 'romansh': 'roh-CH', 'rundi': 'run-BI', 'russian': 'ru-RU', 'saint lucian creole french': 'acf-LC', 'samoan': 'sm-WS', 'sango': 'sg-CF', 'sanskrit': 'sa-IN', 'santali': 'sat-IN', 'sardinian': 'sc-IT', 'scots gaelic': 'gd-GB', 'sena': 'seh-ZW', 'serbian cyrillic': 'sr-Cyrl-RS', 'serbian latin': 'sr-Latn-RS', 'seselwa creole french': 'crs-SC', 'setswana (south africa)': 'tn-ZA', 'shan': 'shn-MM', 'shona': 'sn-ZW', 'sicilian': 'scn-IT', 'silesian': 'szl-PL', 'sindhi snd': 'snd-PK', 'sindhi sd': 'sd-PK', 'sinhala': 'si-LK', 'slovak': 'sk-SK', 'slovenian': 'sl-SI', 'somali': 'so-SO', 'sotho southern': 'st-LS', 'south azerbaijani': 'azb-AZ', 'southern pashto': 'pbt-PK', 'southwestern dinka': 'dik-SS', 'spanish': 'es-ES', 'spanish argentina': 'es-AR', 'spanish colombia': 'es-CO', 'spanish latin america': 'es-419', 'spanish mexico': 'es-MX', 'spanish united states': 'es-US', 'sranan tongo': 'srn-SR', 'standard latvian': 'lvs-LV', 'standard malay': 'zsm-MY', 'sundanese': 'su-ID', 'swahili': 'sw-KE', 'swati': 'ss-SZ', 'swedish': 'sv-SE', 'swiss german': 'de-CH', 'syriac (aramaic)': 'syc-TR', 'tagalog': 'tl-PH', 'tahitian': 'ty-PF', 'tajik': 'tg-TJ', 'tamashek (tuareg)': 'tmh-DZ', 'tamasheq': 'taq-ML', 'tamil india': 'ta-IN', 'tamil sri lanka': 'ta-LK', 'taroko': 'trv-TW', 'tatar': 'tt-RU', 'telugu': 'te-IN', 'tetum': 'tet-TL', 'thai': 'th-TH', 'tibetan': 'bo-CN', 'tigrinya': 'ti-ET', 'tok pisin': 'tpi-PG', 'tokelauan': 'tkl-TK', 'tongan': 'to-TO', 'tosk albanian': 'als-AL', 'tsonga': 'ts-ZA', 'tswa': 'tsc-MZ', 'tswana': 'tn-BW', 'tumbuka': 'tum-MW', 'turkish': 'tr-TR', 'turkmen': 'tk-TM', 'tuvaluan': 'tvl-TV', 'twi': 'tw-GH', 'udmurt': 'udm-RU', 'ukrainian': 'uk-UA', 'uma': 'ppk-ID', 'umbundu': 'umb-AO', 'uyghur uig': 'uig-CN', 'uyghur ug': 'ug-CN', 'uzbek': 'uz-UZ', 'venetian': 'vec-IT', 'vietnamese': 'vi-VN', 'vincentian creole english': 'svc-VC', 'virgin islands creole english': 'vic-US', 'wallisian': 'wls-WF', 'waray (philippines)': 'war-PH', 'welsh': 'cy-GB', 'west central oromo': 'gaz-ET', 'western persian': 'pes-IR', 'wolof': 'wo-SN', 'xhosa': 'xh-ZA', 'yiddish': 'yi-YD', 'yoruba': 'yo-NG', 'zulu': 'zu-ZA'}
2026-08-07 11:35:33.503 | INFO     | src.gui.main_window:translate_text:153 - 手动翻译触发: 引擎=Google翻译, 源语言=auto, 目标语言=zh, 文本长度=2
2026-08-07 11:35:33.504 | ERROR    | src.gui.main_window:translate_text:171 - 创建翻译引擎失败: en --> No support for the provided language.
Please select on of the supported languages:
{'acehnese': 'ace-ID', 'afrikaans': 'af-ZA', 'akan': 'ak-GH', 'albanian': 'sq-AL', 'amharic': 'am-ET', 'antigua and barbuda creole english': 'aig-AG', 'arabic': 'ar-SA', 'arabic egyptian': 'ar-EG', 'aragonese': 'an-ES', 'armenian': 'hy-AM', 'assamese': 'as-IN', 'asturian': 'ast-ES', 'austrian german': 'de-AT', 'awadhi': 'awa-IN', 'ayacucho quechua': 'quy-PE', 'azerbaijani': 'az-AZ', 'bahamas creole english': 'bah-BS', 'bajan': 'bjs-BB', 'balinese': 'ban-ID', 'balkan gipsy': 'rm-RO', 'bambara': 'bm-ML', 'banjar': 'bjn-ID', 'bashkir': 'ba-RU', 'basque': 'eu-ES', 'belarusian': 'be-BY', 'belgian french': 'fr-BE', 'bemba': 'bem-ZM', 'bengali': 'bn-IN', 'bhojpuri': 'bho-IN', 'bihari': 'bh-IN', 'bislama': 'bi-VU', 'borana': 'gax-KE', 'bosnian': 'bs-BA', 'bosnian (cyrillic)': 'bs-Cyrl-BA', 'breton': 'br-FR', 'buginese': 'bug-ID', 'bulgarian': 'bg-BG', 'burmese': 'my-MM', 'catalan': 'ca-ES', 'catalan valencian': 'cav-ES', 'cebuano': 'ceb-PH', 'central atlas tamazight': 'tzm-MA', 'central aymara': 'ayr-BO', 'central kanuri (latin script)': 'knc-NG', 'chadian arabic': 'shu-TD', 'chamorro': 'ch-GU', 'cherokee': 'chr-US', 'chhattisgarhi': 'hne-IN', 'chinese simplified': 'zh-CN', 'chinese trad. (hong kong)': 'zh-HK', 'chinese traditional': 'zh-TW', 'chinese traditional macau': 'zh-MO', 'chittagonian': 'ctg-BD', 'chokwe': 'cjk-AO', 'classical greek': 'grc-GR', 'comorian ngazidja': 'zdj-KM', 'coptic': 'cop-EG', 'crimean tatar': 'crh-RU', 'crioulo upper guinea': 'pov-GW', 'croatian': 'hr-HR', 'czech': 'cs-CZ', 'danish': 'da-DK', 'dari': 'prs-AF', 'dimli': 'diq-TR', 'dutch': 'nl-NL', 'dyula': 'dyu-CI', 'dzongkha': 'dz-BT', 'eastern yiddish': 'ydd-US', 'emakhuwa': 'vmw-MZ', 'english': 'en-GB', 'english australia': 'en-AU', 'english canada': 'en-CA', 'english india': 'en-IN', 'english ireland': 'en-IE', 'english new zealand': 'en-NZ', 'english singapore': 'en-SG', 'english south africa': 'en-ZA', 'english us': 'en-US', 'esperanto': 'eo-EU', 'estonian': 'et-EE', 'ewe': 'ee-GH', 'fanagalo': 'fn-FNG', 'faroese': 'fo-FO', 'fijian': 'fj-FJ', 'filipino': 'fil-PH', 'finnish': 'fi-FI', 'flemish': 'nl-BE', 'fon': 'fon-BJ', 'french': 'fr-FR', 'french canada': 'fr-CA', 'french swiss': 'fr-CH', 'friulian': 'fur-IT', 'fula': 'ff-FUL', 'galician': 'gl-ES', 'gamargu': 'mfi-NG', 'garo': 'grt-IN', 'georgian': 'ka-GE', 'german': 'de-DE', 'gilbertese': 'gil-KI', 'glavda': 'glw-NG', 'greek': 'el-GR', 'grenadian creole english': 'gcl-GD', 'guarani': 'gn-PY', 'gujarati': 'gu-IN', 'guyanese creole english': 'gyn-GY', 'haitian creole french': 'ht-HT', 'halh mongolian': 'khk-MN', 'hausa': 'ha-NE', 'hawaiian': 'haw-US', 'hebrew': 'he-IL', 'higi': 'hig-NG', 'hiligaynon': 'hil-PH', 'hill mari': 'mrj-RU', 'hindi': 'hi-IN', 'hmong': 'hmn-CN', 'hungarian': 'hu-HU', 'icelandic': 'is-IS', 'igbo ibo': 'ibo-NG', 'igbo ig': 'ig-NG', 'ilocano': 'ilo-PH', 'indonesian': 'id-ID', 'inuktitut greenlandic': 'kl-GL', 'irish gaelic': 'ga-IE', 'italian': 'it-IT', 'italian swiss': 'it-CH', 'jamaican creole english': 'jam-JM', 'japanese': 'ja-JP', 'javanese': 'jv-ID', 'jingpho': 'kac-MM', "k'iche'": 'quc-GT', 'kabiyè': 'kbp-TG', 'kabuverdianu': 'kea-CV', 'kabylian': 'kab-DZ', 'kalenjin': 'kln-KE', 'kamba': 'kam-KE', 'kannada': 'kn-IN', 'kanuri': 'kr-KAU', 'karen': 'kar-MM', 'kashmiri (devanagari script)': 'ks-IN', 'kashmiri (arabic script)': 'kas-IN', 'kazakh': 'kk-KZ', 'khasi': 'kha-IN', 'khmer': 'km-KH', 'kikuyu kik': 'kik-KE', 'kikuyu ki': 'ki-KE', 'kimbundu': 'kmb-AO', 'kinyarwanda': 'rw-RW', 'kirundi': 'rn-BI', 'kisii': 'guz-KE', 'kongo': 'kg-CG', 'konkani': 'kok-IN', 'korean': 'ko-KR', 'northern kurdish': 'kmr-TR', 'kurdish sorani': 'ckb-IQ', 'kyrgyz': 'ky-KG', 'lao': 'lo-LA', 'latgalian': 'ltg-LV', 'latin': 'la-XN', 'latvian': 'lv-LV', 'ligurian': 'lij-IT', 'limburgish': 'li-NL', 'lingala': 'ln-LIN', 'lithuanian': 'lt-LT', 'lombard': 'lmo-IT', 'luba-kasai': 'lua-CD', 'luganda': 'lg-UG', 'luhya': 'luy-KE', 'luo': 'luo-KE', 'luxembourgish': 'lb-LU', 'maa': 'mas-KE', 'macedonian': 'mk-MK', 'magahi': 'mag-IN', 'maithili': 'mai-IN', 'malagasy': 'mg-MG', 'malay': 'ms-MY', 'malayalam': 'ml-IN', 'maldivian': 'dv-MV', 'maltese': 'mt-MT', 'mandara': 'mfi-CM', 'manipuri': 'mni-IN', 'manx gaelic': 'gv-IM', 'maori': 'mi-NZ', 'marathi': 'mr-IN', 'margi': 'mrt-NG', 'mari': 'mhr-RU', 'marshallese': 'mh-MH', 'mende': 'men-SL', 'meru': 'mer-KE', 'mijikenda': 'nyf-KE', 'minangkabau': 'min-ID', 'mizo': 'lus-IN', 'mongolian': 'mn-MN', 'montenegrin': 'sr-ME', 'morisyen': 'mfe-MU', 'moroccan arabic': 'ar-MA', 'mossi': 'mos-BF', 'ndau': 'ndc-MZ', 'ndebele': 'nr-ZA', 'nepali': 'ne-NP', 'nigerian fulfulde': 'fuv-NG', 'niuean': 'niu-NU', 'north azerbaijani': 'azj-AZ', 'sesotho': 'nso-ZA', 'northern uzbek': 'uzn-UZ', 'norwegian bokmål': 'nb-NO', 'norwegian nynorsk': 'nn-NO', 'nuer': 'nus-SS', 'nyanja': 'ny-MW', 'occitan': 'oc-FR', 'occitan aran': 'oc-ES', 'odia': 'or-IN', 'oriya': 'ory-IN', 'urdu': 'ur-PK', 'palauan': 'pau-PW', 'pali': 'pi-IN', 'pangasinan': 'pag-PH', 'papiamentu': 'pap-CW', 'pashto': 'ps-PK', 'persian': 'fa-IR', 'pijin': 'pis-SB', 'plateau malagasy': 'plt-MG', 'polish': 'pl-PL', 'portuguese': 'pt-PT', 'portuguese brazil': 'pt-BR', 'potawatomi': 'pot-US', 'punjabi': 'pa-IN', 'punjabi (pakistan)': 'pnb-PK', 'quechua': 'qu-PE', 'rohingya': 'rhg-MM', 'rohingyalish': 'rhl-MM', 'romanian': 'ro-RO', 'romansh': 'roh-CH', 'rundi': 'run-BI', 'russian': 'ru-RU', 'saint lucian creole french': 'acf-LC', 'samoan': 'sm-WS', 'sango': 'sg-CF', 'sanskrit': 'sa-IN', 'santali': 'sat-IN', 'sardinian': 'sc-IT', 'scots gaelic': 'gd-GB', 'sena': 'seh-ZW', 'serbian cyrillic': 'sr-Cyrl-RS', 'serbian latin': 'sr-Latn-RS', 'seselwa creole french': 'crs-SC', 'setswana (south africa)': 'tn-ZA', 'shan': 'shn-MM', 'shona': 'sn-ZW', 'sicilian': 'scn-IT', 'silesian': 'szl-PL', 'sindhi snd': 'snd-PK', 'sindhi sd': 'sd-PK', 'sinhala': 'si-LK', 'slovak': 'sk-SK', 'slovenian': 'sl-SI', 'somali': 'so-SO', 'sotho southern': 'st-LS', 'south azerbaijani': 'azb-AZ', 'southern pashto': 'pbt-PK', 'southwestern dinka': 'dik-SS', 'spanish': 'es-ES', 'spanish argentina': 'es-AR', 'spanish colombia': 'es-CO', 'spanish latin america': 'es-419', 'spanish mexico': 'es-MX', 'spanish united states': 'es-US', 'sranan tongo': 'srn-SR', 'standard latvian': 'lvs-LV', 'standard malay': 'zsm-MY', 'sundanese': 'su-ID', 'swahili': 'sw-KE', 'swati': 'ss-SZ', 'swedish': 'sv-SE', 'swiss german': 'de-CH', 'syriac (aramaic)': 'syc-TR', 'tagalog': 'tl-PH', 'tahitian': 'ty-PF', 'tajik': 'tg-TJ', 'tamashek (tuareg)': 'tmh-DZ', 'tamasheq': 'taq-ML', 'tamil india': 'ta-IN', 'tamil sri lanka': 'ta-LK', 'taroko': 'trv-TW', 'tatar': 'tt-RU', 'telugu': 'te-IN', 'tetum': 'tet-TL', 'thai': 'th-TH', 'tibetan': 'bo-CN', 'tigrinya': 'ti-ET', 'tok pisin': 'tpi-PG', 'tokelauan': 'tkl-TK', 'tongan': 'to-TO', 'tosk albanian': 'als-AL', 'tsonga': 'ts-ZA', 'tswa': 'tsc-MZ', 'tswana': 'tn-BW', 'tumbuka': 'tum-MW', 'turkish': 'tr-TR', 'turkmen': 'tk-TM', 'tuvaluan': 'tvl-TV', 'twi': 'tw-GH', 'udmurt': 'udm-RU', 'ukrainian': 'uk-UA', 'uma': 'ppk-ID', 'umbundu': 'umb-AO', 'uyghur uig': 'uig-CN', 'uyghur ug': 'ug-CN', 'uzbek': 'uz-UZ', 'venetian': 'vec-IT', 'vietnamese': 'vi-VN', 'vincentian creole english': 'svc-VC', 'virgin islands creole english': 'vic-US', 'wallisian': 'wls-WF', 'waray (philippines)': 'war-PH', 'welsh': 'cy-GB', 'west central oromo': 'gaz-ET', 'western persian': 'pes-IR', 'wolof': 'wo-SN', 'xhosa': 'xh-ZA', 'yiddish': 'yi-YD', 'yoruba': 'yo-NG', 'zulu': 'zu-ZA'}
2026-08-07 11:35:34.662 | INFO     | src.gui.main_window:translate_text:153 - 手动翻译触发: 引擎=Google翻译, 源语言=auto, 目标语言=zh, 文本长度=2
2026-08-07 11:35:34.662 | ERROR    | src.gui.main_window:translate_text:171 - 创建翻译引擎失败: en --> No support for the provided language.
Please select on of the supported languages:
{'acehnese': 'ace-ID', 'afrikaans': 'af-ZA', 'akan': 'ak-GH', 'albanian': 'sq-AL', 'amharic': 'am-ET', 'antigua and barbuda creole english': 'aig-AG', 'arabic': 'ar-SA', 'arabic egyptian': 'ar-EG', 'aragonese': 'an-ES', 'armenian': 'hy-AM', 'assamese': 'as-IN', 'asturian': 'ast-ES', 'austrian german': 'de-AT', 'awadhi': 'awa-IN', 'ayacucho quechua': 'quy-PE', 'azerbaijani': 'az-AZ', 'bahamas creole english': 'bah-BS', 'bajan': 'bjs-BB', 'balinese': 'ban-ID', 'balkan gipsy': 'rm-RO', 'bambara': 'bm-ML', 'banjar': 'bjn-ID', 'bashkir': 'ba-RU', 'basque': 'eu-ES', 'belarusian': 'be-BY', 'belgian french': 'fr-BE', 'bemba': 'bem-ZM', 'bengali': 'bn-IN', 'bhojpuri': 'bho-IN', 'bihari': 'bh-IN', 'bislama': 'bi-VU', 'borana': 'gax-KE', 'bosnian': 'bs-BA', 'bosnian (cyrillic)': 'bs-Cyrl-BA', 'breton': 'br-FR', 'buginese': 'bug-ID', 'bulgarian': 'bg-BG', 'burmese': 'my-MM', 'catalan': 'ca-ES', 'catalan valencian': 'cav-ES', 'cebuano': 'ceb-PH', 'central atlas tamazight': 'tzm-MA', 'central aymara': 'ayr-BO', 'central kanuri (latin script)': 'knc-NG', 'chadian arabic': 'shu-TD', 'chamorro': 'ch-GU', 'cherokee': 'chr-US', 'chhattisgarhi': 'hne-IN', 'chinese simplified': 'zh-CN', 'chinese trad. (hong kong)': 'zh-HK', 'chinese traditional': 'zh-TW', 'chinese traditional macau': 'zh-MO', 'chittagonian': 'ctg-BD', 'chokwe': 'cjk-AO', 'classical greek': 'grc-GR', 'comorian ngazidja': 'zdj-KM', 'coptic': 'cop-EG', 'crimean tatar': 'crh-RU', 'crioulo upper guinea': 'pov-GW', 'croatian': 'hr-HR', 'czech': 'cs-CZ', 'danish': 'da-DK', 'dari': 'prs-AF', 'dimli': 'diq-TR', 'dutch': 'nl-NL', 'dyula': 'dyu-CI', 'dzongkha': 'dz-BT', 'eastern yiddish': 'ydd-US', 'emakhuwa': 'vmw-MZ', 'english': 'en-GB', 'english australia': 'en-AU', 'english canada': 'en-CA', 'english india': 'en-IN', 'english ireland': 'en-IE', 'english new zealand': 'en-NZ', 'english singapore': 'en-SG', 'english south africa': 'en-ZA', 'english us': 'en-US', 'esperanto': 'eo-EU', 'estonian': 'et-EE', 'ewe': 'ee-GH', 'fanagalo': 'fn-FNG', 'faroese': 'fo-FO', 'fijian': 'fj-FJ', 'filipino': 'fil-PH', 'finnish': 'fi-FI', 'flemish': 'nl-BE', 'fon': 'fon-BJ', 'french': 'fr-FR', 'french canada': 'fr-CA', 'french swiss': 'fr-CH', 'friulian': 'fur-IT', 'fula': 'ff-FUL', 'galician': 'gl-ES', 'gamargu': 'mfi-NG', 'garo': 'grt-IN', 'georgian': 'ka-GE', 'german': 'de-DE', 'gilbertese': 'gil-KI', 'glavda': 'glw-NG', 'greek': 'el-GR', 'grenadian creole english': 'gcl-GD', 'guarani': 'gn-PY', 'gujarati': 'gu-IN', 'guyanese creole english': 'gyn-GY', 'haitian creole french': 'ht-HT', 'halh mongolian': 'khk-MN', 'hausa': 'ha-NE', 'hawaiian': 'haw-US', 'hebrew': 'he-IL', 'higi': 'hig-NG', 'hiligaynon': 'hil-PH', 'hill mari': 'mrj-RU', 'hindi': 'hi-IN', 'hmong': 'hmn-CN', 'hungarian': 'hu-HU', 'icelandic': 'is-IS', 'igbo ibo': 'ibo-NG', 'igbo ig': 'ig-NG', 'ilocano': 'ilo-PH', 'indonesian': 'id-ID', 'inuktitut greenlandic': 'kl-GL', 'irish gaelic': 'ga-IE', 'italian': 'it-IT', 'italian swiss': 'it-CH', 'jamaican creole english': 'jam-JM', 'japanese': 'ja-JP', 'javanese': 'jv-ID', 'jingpho': 'kac-MM', "k'iche'": 'quc-GT', 'kabiyè': 'kbp-TG', 'kabuverdianu': 'kea-CV', 'kabylian': 'kab-DZ', 'kalenjin': 'kln-KE', 'kamba': 'kam-KE', 'kannada': 'kn-IN', 'kanuri': 'kr-KAU', 'karen': 'kar-MM', 'kashmiri (devanagari script)': 'ks-IN', 'kashmiri (arabic script)': 'kas-IN', 'kazakh': 'kk-KZ', 'khasi': 'kha-IN', 'khmer': 'km-KH', 'kikuyu kik': 'kik-KE', 'kikuyu ki': 'ki-KE', 'kimbundu': 'kmb-AO', 'kinyarwanda': 'rw-RW', 'kirundi': 'rn-BI', 'kisii': 'guz-KE', 'kongo': 'kg-CG', 'konkani': 'kok-IN', 'korean': 'ko-KR', 'northern kurdish': 'kmr-TR', 'kurdish sorani': 'ckb-IQ', 'kyrgyz': 'ky-KG', 'lao': 'lo-LA', 'latgalian': 'ltg-LV', 'latin': 'la-XN', 'latvian': 'lv-LV', 'ligurian': 'lij-IT', 'limburgish': 'li-NL', 'lingala': 'ln-LIN', 'lithuanian': 'lt-LT', 'lombard': 'lmo-IT', 'luba-kasai': 'lua-CD', 'luganda': 'lg-UG', 'luhya': 'luy-KE', 'luo': 'luo-KE', 'luxembourgish': 'lb-LU', 'maa': 'mas-KE', 'macedonian': 'mk-MK', 'magahi': 'mag-IN', 'maithili': 'mai-IN', 'malagasy': 'mg-MG', 'malay': 'ms-MY', 'malayalam': 'ml-IN', 'maldivian': 'dv-MV', 'maltese': 'mt-MT', 'mandara': 'mfi-CM', 'manipuri': 'mni-IN', 'manx gaelic': 'gv-IM', 'maori': 'mi-NZ', 'marathi': 'mr-IN', 'margi': 'mrt-NG', 'mari': 'mhr-RU', 'marshallese': 'mh-MH', 'mende': 'men-SL', 'meru': 'mer-KE', 'mijikenda': 'nyf-KE', 'minangkabau': 'min-ID', 'mizo': 'lus-IN', 'mongolian': 'mn-MN', 'montenegrin': 'sr-ME', 'morisyen': 'mfe-MU', 'moroccan arabic': 'ar-MA', 'mossi': 'mos-BF', 'ndau': 'ndc-MZ', 'ndebele': 'nr-ZA', 'nepali': 'ne-NP', 'nigerian fulfulde': 'fuv-NG', 'niuean': 'niu-NU', 'north azerbaijani': 'azj-AZ', 'sesotho': 'nso-ZA', 'northern uzbek': 'uzn-UZ', 'norwegian bokmål': 'nb-NO', 'norwegian nynorsk': 'nn-NO', 'nuer': 'nus-SS', 'nyanja': 'ny-MW', 'occitan': 'oc-FR', 'occitan aran': 'oc-ES', 'odia': 'or-IN', 'oriya': 'ory-IN', 'urdu': 'ur-PK', 'palauan': 'pau-PW', 'pali': 'pi-IN', 'pangasinan': 'pag-PH', 'papiamentu': 'pap-CW', 'pashto': 'ps-PK', 'persian': 'fa-IR', 'pijin': 'pis-SB', 'plateau malagasy': 'plt-MG', 'polish': 'pl-PL', 'portuguese': 'pt-PT', 'portuguese brazil': 'pt-BR', 'potawatomi': 'pot-US', 'punjabi': 'pa-IN', 'punjabi (pakistan)': 'pnb-PK', 'quechua': 'qu-PE', 'rohingya': 'rhg-MM', 'rohingyalish': 'rhl-MM', 'romanian': 'ro-RO', 'romansh': 'roh-CH', 'rundi': 'run-BI', 'russian': 'ru-RU', 'saint lucian creole french': 'acf-LC', 'samoan': 'sm-WS', 'sango': 'sg-CF', 'sanskrit': 'sa-IN', 'santali': 'sat-IN', 'sardinian': 'sc-IT', 'scots gaelic': 'gd-GB', 'sena': 'seh-ZW', 'serbian cyrillic': 'sr-Cyrl-RS', 'serbian latin': 'sr-Latn-RS', 'seselwa creole french': 'crs-SC', 'setswana (south africa)': 'tn-ZA', 'shan': 'shn-MM', 'shona': 'sn-ZW', 'sicilian': 'scn-IT', 'silesian': 'szl-PL', 'sindhi snd': 'snd-PK', 'sindhi sd': 'sd-PK', 'sinhala': 'si-LK', 'slovak': 'sk-SK', 'slovenian': 'sl-SI', 'somali': 'so-SO', 'sotho southern': 'st-LS', 'south azerbaijani': 'azb-AZ', 'southern pashto': 'pbt-PK', 'southwestern dinka': 'dik-SS', 'spanish': 'es-ES', 'spanish argentina': 'es-AR', 'spanish colombia': 'es-CO', 'spanish latin america': 'es-419', 'spanish mexico': 'es-MX', 'spanish united states': 'es-US', 'sranan tongo': 'srn-SR', 'standard latvian': 'lvs-LV', 'standard malay': 'zsm-MY', 'sundanese': 'su-ID', 'swahili': 'sw-KE', 'swati': 'ss-SZ', 'swedish': 'sv-SE', 'swiss german': 'de-CH', 'syriac (aramaic)': 'syc-TR', 'tagalog': 'tl-PH', 'tahitian': 'ty-PF', 'tajik': 'tg-TJ', 'tamashek (tuareg)': 'tmh-DZ', 'tamasheq': 'taq-ML', 'tamil india': 'ta-IN', 'tamil sri lanka': 'ta-LK', 'taroko': 'trv-TW', 'tatar': 'tt-RU', 'telugu': 'te-IN', 'tetum': 'tet-TL', 'thai': 'th-TH', 'tibetan': 'bo-CN', 'tigrinya': 'ti-ET', 'tok pisin': 'tpi-PG', 'tokelauan': 'tkl-TK', 'tongan': 'to-TO', 'tosk albanian': 'als-AL', 'tsonga': 'ts-ZA', 'tswa': 'tsc-MZ', 'tswana': 'tn-BW', 'tumbuka': 'tum-MW', 'turkish': 'tr-TR', 'turkmen': 'tk-TM', 'tuvaluan': 'tvl-TV', 'twi': 'tw-GH', 'udmurt': 'udm-RU', 'ukrainian': 'uk-UA', 'uma': 'ppk-ID', 'umbundu': 'umb-AO', 'uyghur uig': 'uig-CN', 'uyghur ug': 'ug-CN', 'uzbek': 'uz-UZ', 'venetian': 'vec-IT', 'vietnamese': 'vi-VN', 'vincentian creole english': 'svc-VC', 'virgin islands creole english': 'vic-US', 'wallisian': 'wls-WF', 'waray (philippines)': 'war-PH', 'welsh': 'cy-GB', 'west central oromo': 'gaz-ET', 'western persian': 'pes-IR', 'wolof': 'wo-SN', 'xhosa': 'xh-ZA', 'yiddish': 'yi-YD', 'yoruba': 'yo-NG', 'zulu': 'zu-ZA'}
2026-08-07 11:35:34.839 | INFO     | src.gui.main_window:translate_text:153 - 手动翻译触发: 引擎=Google翻译, 源语言=auto, 目标语言=zh, 文本长度=2
2026-08-07 11:35:34.840 | ERROR    | src.gui.main_window:translate_text:171 - 创建翻译引擎失败: en --> No support for the provided language.
Please select on of the supported languages:
{'acehnese': 'ace-ID', 'afrikaans': 'af-ZA', 'akan': 'ak-GH', 'albanian': 'sq-AL', 'amharic': 'am-ET', 'antigua and barbuda creole english': 'aig-AG', 'arabic': 'ar-SA', 'arabic egyptian': 'ar-EG', 'aragonese': 'an-ES', 'armenian': 'hy-AM', 'assamese': 'as-IN', 'asturian': 'ast-ES', 'austrian german': 'de-AT', 'awadhi': 'awa-IN', 'ayacucho quechua': 'quy-PE', 'azerbaijani': 'az-AZ', 'bahamas creole english': 'bah-BS', 'bajan': 'bjs-BB', 'balinese': 'ban-ID', 'balkan gipsy': 'rm-RO', 'bambara': 'bm-ML', 'banjar': 'bjn-ID', 'bashkir': 'ba-RU', 'basque': 'eu-ES', 'belarusian': 'be-BY', 'belgian french': 'fr-BE', 'bemba': 'bem-ZM', 'bengali': 'bn-IN', 'bhojpuri': 'bho-IN', 'bihari': 'bh-IN', 'bislama': 'bi-VU', 'borana': 'gax-KE', 'bosnian': 'bs-BA', 'bosnian (cyrillic)': 'bs-Cyrl-BA', 'breton': 'br-FR', 'buginese': 'bug-ID', 'bulgarian': 'bg-BG', 'burmese': 'my-MM', 'catalan': 'ca-ES', 'catalan valencian': 'cav-ES', 'cebuano': 'ceb-PH', 'central atlas tamazight': 'tzm-MA', 'central aymara': 'ayr-BO', 'central kanuri (latin script)': 'knc-NG', 'chadian arabic': 'shu-TD', 'chamorro': 'ch-GU', 'cherokee': 'chr-US', 'chhattisgarhi': 'hne-IN', 'chinese simplified': 'zh-CN', 'chinese trad. (hong kong)': 'zh-HK', 'chinese traditional': 'zh-TW', 'chinese traditional macau': 'zh-MO', 'chittagonian': 'ctg-BD', 'chokwe': 'cjk-AO', 'classical greek': 'grc-GR', 'comorian ngazidja': 'zdj-KM', 'coptic': 'cop-EG', 'crimean tatar': 'crh-RU', 'crioulo upper guinea': 'pov-GW', 'croatian': 'hr-HR', 'czech': 'cs-CZ', 'danish': 'da-DK', 'dari': 'prs-AF', 'dimli': 'diq-TR', 'dutch': 'nl-NL', 'dyula': 'dyu-CI', 'dzongkha': 'dz-BT', 'eastern yiddish': 'ydd-US', 'emakhuwa': 'vmw-MZ', 'english': 'en-GB', 'english australia': 'en-AU', 'english canada': 'en-CA', 'english india': 'en-IN', 'english ireland': 'en-IE', 'english new zealand': 'en-NZ', 'english singapore': 'en-SG', 'english south africa': 'en-ZA', 'english us': 'en-US', 'esperanto': 'eo-EU', 'estonian': 'et-EE', 'ewe': 'ee-GH', 'fanagalo': 'fn-FNG', 'faroese': 'fo-FO', 'fijian': 'fj-FJ', 'filipino': 'fil-PH', 'finnish': 'fi-FI', 'flemish': 'nl-BE', 'fon': 'fon-BJ', 'french': 'fr-FR', 'french canada': 'fr-CA', 'french swiss': 'fr-CH', 'friulian': 'fur-IT', 'fula': 'ff-FUL', 'galician': 'gl-ES', 'gamargu': 'mfi-NG', 'garo': 'grt-IN', 'georgian': 'ka-GE', 'german': 'de-DE', 'gilbertese': 'gil-KI', 'glavda': 'glw-NG', 'greek': 'el-GR', 'grenadian creole english': 'gcl-GD', 'guarani': 'gn-PY', 'gujarati': 'gu-IN', 'guyanese creole english': 'gyn-GY', 'haitian creole french': 'ht-HT', 'halh mongolian': 'khk-MN', 'hausa': 'ha-NE', 'hawaiian': 'haw-US', 'hebrew': 'he-IL', 'higi': 'hig-NG', 'hiligaynon': 'hil-PH', 'hill mari': 'mrj-RU', 'hindi': 'hi-IN', 'hmong': 'hmn-CN', 'hungarian': 'hu-HU', 'icelandic': 'is-IS', 'igbo ibo': 'ibo-NG', 'igbo ig': 'ig-NG', 'ilocano': 'ilo-PH', 'indonesian': 'id-ID', 'inuktitut greenlandic': 'kl-GL', 'irish gaelic': 'ga-IE', 'italian': 'it-IT', 'italian swiss': 'it-CH', 'jamaican creole english': 'jam-JM', 'japanese': 'ja-JP', 'javanese': 'jv-ID', 'jingpho': 'kac-MM', "k'iche'": 'quc-GT', 'kabiyè': 'kbp-TG', 'kabuverdianu': 'kea-CV', 'kabylian': 'kab-DZ', 'kalenjin': 'kln-KE', 'kamba': 'kam-KE', 'kannada': 'kn-IN', 'kanuri': 'kr-KAU', 'karen': 'kar-MM', 'kashmiri (devanagari script)': 'ks-IN', 'kashmiri (arabic script)': 'kas-IN', 'kazakh': 'kk-KZ', 'khasi': 'kha-IN', 'khmer': 'km-KH', 'kikuyu kik': 'kik-KE', 'kikuyu ki': 'ki-KE', 'kimbundu': 'kmb-AO', 'kinyarwanda': 'rw-RW', 'kirundi': 'rn-BI', 'kisii': 'guz-KE', 'kongo': 'kg-CG', 'konkani': 'kok-IN', 'korean': 'ko-KR', 'northern kurdish': 'kmr-TR', 'kurdish sorani': 'ckb-IQ', 'kyrgyz': 'ky-KG', 'lao': 'lo-LA', 'latgalian': 'ltg-LV', 'latin': 'la-XN', 'latvian': 'lv-LV', 'ligurian': 'lij-IT', 'limburgish': 'li-NL', 'lingala': 'ln-LIN', 'lithuanian': 'lt-LT', 'lombard': 'lmo-IT', 'luba-kasai': 'lua-CD', 'luganda': 'lg-UG', 'luhya': 'luy-KE', 'luo': 'luo-KE', 'luxembourgish': 'lb-LU', 'maa': 'mas-KE', 'macedonian': 'mk-MK', 'magahi': 'mag-IN', 'maithili': 'mai-IN', 'malagasy': 'mg-MG', 'malay': 'ms-MY', 'malayalam': 'ml-IN', 'maldivian': 'dv-MV', 'maltese': 'mt-MT', 'mandara': 'mfi-CM', 'manipuri': 'mni-IN', 'manx gaelic': 'gv-IM', 'maori': 'mi-NZ', 'marathi': 'mr-IN', 'margi': 'mrt-NG', 'mari': 'mhr-RU', 'marshallese': 'mh-MH', 'mende': 'men-SL', 'meru': 'mer-KE', 'mijikenda': 'nyf-KE', 'minangkabau': 'min-ID', 'mizo': 'lus-IN', 'mongolian': 'mn-MN', 'montenegrin': 'sr-ME', 'morisyen': 'mfe-MU', 'moroccan arabic': 'ar-MA', 'mossi': 'mos-BF', 'ndau': 'ndc-MZ', 'ndebele': 'nr-ZA', 'nepali': 'ne-NP', 'nigerian fulfulde': 'fuv-NG', 'niuean': 'niu-NU', 'north azerbaijani': 'azj-AZ', 'sesotho': 'nso-ZA', 'northern uzbek': 'uzn-UZ', 'norwegian bokmål': 'nb-NO', 'norwegian nynorsk': 'nn-NO', 'nuer': 'nus-SS', 'nyanja': 'ny-MW', 'occitan': 'oc-FR', 'occitan aran': 'oc-ES', 'odia': 'or-IN', 'oriya': 'ory-IN', 'urdu': 'ur-PK', 'palauan': 'pau-PW', 'pali': 'pi-IN', 'pangasinan': 'pag-PH', 'papiamentu': 'pap-CW', 'pashto': 'ps-PK', 'persian': 'fa-IR', 'pijin': 'pis-SB', 'plateau malagasy': 'plt-MG', 'polish': 'pl-PL', 'portuguese': 'pt-PT', 'portuguese brazil': 'pt-BR', 'potawatomi': 'pot-US', 'punjabi': 'pa-IN', 'punjabi (pakistan)': 'pnb-PK', 'quechua': 'qu-PE', 'rohingya': 'rhg-MM', 'rohingyalish': 'rhl-MM', 'romanian': 'ro-RO', 'romansh': 'roh-CH', 'rundi': 'run-BI', 'russian': 'ru-RU', 'saint lucian creole french': 'acf-LC', 'samoan': 'sm-WS', 'sango': 'sg-CF', 'sanskrit': 'sa-IN', 'santali': 'sat-IN', 'sardinian': 'sc-IT', 'scots gaelic': 'gd-GB', 'sena': 'seh-ZW', 'serbian cyrillic': 'sr-Cyrl-RS', 'serbian latin': 'sr-Latn-RS', 'seselwa creole french': 'crs-SC', 'setswana (south africa)': 'tn-ZA', 'shan': 'shn-MM', 'shona': 'sn-ZW', 'sicilian': 'scn-IT', 'silesian': 'szl-PL', 'sindhi snd': 'snd-PK', 'sindhi sd': 'sd-PK', 'sinhala': 'si-LK', 'slovak': 'sk-SK', 'slovenian': 'sl-SI', 'somali': 'so-SO', 'sotho southern': 'st-LS', 'south azerbaijani': 'azb-AZ', 'southern pashto': 'pbt-PK', 'southwestern dinka': 'dik-SS', 'spanish': 'es-ES', 'spanish argentina': 'es-AR', 'spanish colombia': 'es-CO', 'spanish latin america': 'es-419', 'spanish mexico': 'es-MX', 'spanish united states': 'es-US', 'sranan tongo': 'srn-SR', 'standard latvian': 'lvs-LV', 'standard malay': 'zsm-MY', 'sundanese': 'su-ID', 'swahili': 'sw-KE', 'swati': 'ss-SZ', 'swedish': 'sv-SE', 'swiss german': 'de-CH', 'syriac (aramaic)': 'syc-TR', 'tagalog': 'tl-PH', 'tahitian': 'ty-PF', 'tajik': 'tg-TJ', 'tamashek (tuareg)': 'tmh-DZ', 'tamasheq': 'taq-ML', 'tamil india': 'ta-IN', 'tamil sri lanka': 'ta-LK', 'taroko': 'trv-TW', 'tatar': 'tt-RU', 'telugu': 'te-IN', 'tetum': 'tet-TL', 'thai': 'th-TH', 'tibetan': 'bo-CN', 'tigrinya': 'ti-ET', 'tok pisin': 'tpi-PG', 'tokelauan': 'tkl-TK', 'tongan': 'to-TO', 'tosk albanian': 'als-AL', 'tsonga': 'ts-ZA', 'tswa': 'tsc-MZ', 'tswana': 'tn-BW', 'tumbuka': 'tum-MW', 'turkish': 'tr-TR', 'turkmen': 'tk-TM', 'tuvaluan': 'tvl-TV', 'twi': 'tw-GH', 'udmurt': 'udm-RU', 'ukrainian': 'uk-UA', 'uma': 'ppk-ID', 'umbundu': 'umb-AO', 'uyghur uig': 'uig-CN', 'uyghur ug': 'ug-CN', 'uzbek': 'uz-UZ', 'venetian': 'vec-IT', 'vietnamese': 'vi-VN', 'vincentian creole english': 'svc-VC', 'virgin islands creole english': 'vic-US', 'wallisian': 'wls-WF', 'waray (philippines)': 'war-PH', 'welsh': 'cy-GB', 'west central oromo': 'gaz-ET', 'western persian': 'pes-IR', 'wolof': 'wo-SN', 'xhosa': 'xh-ZA', 'yiddish': 'yi-YD', 'yoruba': 'yo-NG', 'zulu': 'zu-ZA'}
2026-08-07 11:35:35.005 | INFO     | src.gui.main_window:translate_text:153 - 手动翻译触发: 引擎=Google翻译, 源语言=auto, 目标语言=zh, 文本长度=2
2026-08-07 11:35:35.006 | ERROR    | src.gui.main_window:translate_text:171 - 创建翻译引擎失败: en --> No support for the provided language.
Please select on of the supported languages:
{'acehnese': 'ace-ID', 'afrikaans': 'af-ZA', 'akan': 'ak-GH', 'albanian': 'sq-AL', 'amharic': 'am-ET', 'antigua and barbuda creole english': 'aig-AG', 'arabic': 'ar-SA', 'arabic egyptian': 'ar-EG', 'aragonese': 'an-ES', 'armenian': 'hy-AM', 'assamese': 'as-IN', 'asturian': 'ast-ES', 'austrian german': 'de-AT', 'awadhi': 'awa-IN', 'ayacucho quechua': 'quy-PE', 'azerbaijani': 'az-AZ', 'bahamas creole english': 'bah-BS', 'bajan': 'bjs-BB', 'balinese': 'ban-ID', 'balkan gipsy': 'rm-RO', 'bambara': 'bm-ML', 'banjar': 'bjn-ID', 'bashkir': 'ba-RU', 'basque': 'eu-ES', 'belarusian': 'be-BY', 'belgian french': 'fr-BE', 'bemba': 'bem-ZM', 'bengali': 'bn-IN', 'bhojpuri': 'bho-IN', 'bihari': 'bh-IN', 'bislama': 'bi-VU', 'borana': 'gax-KE', 'bosnian': 'bs-BA', 'bosnian (cyrillic)': 'bs-Cyrl-BA', 'breton': 'br-FR', 'buginese': 'bug-ID', 'bulgarian': 'bg-BG', 'burmese': 'my-MM', 'catalan': 'ca-ES', 'catalan valencian': 'cav-ES', 'cebuano': 'ceb-PH', 'central atlas tamazight': 'tzm-MA', 'central aymara': 'ayr-BO', 'central kanuri (latin script)': 'knc-NG', 'chadian arabic': 'shu-TD', 'chamorro': 'ch-GU', 'cherokee': 'chr-US', 'chhattisgarhi': 'hne-IN', 'chinese simplified': 'zh-CN', 'chinese trad. (hong kong)': 'zh-HK', 'chinese traditional': 'zh-TW', 'chinese traditional macau': 'zh-MO', 'chittagonian': 'ctg-BD', 'chokwe': 'cjk-AO', 'classical greek': 'grc-GR', 'comorian ngazidja': 'zdj-KM', 'coptic': 'cop-EG', 'crimean tatar': 'crh-RU', 'crioulo upper guinea': 'pov-GW', 'croatian': 'hr-HR', 'czech': 'cs-CZ', 'danish': 'da-DK', 'dari': 'prs-AF', 'dimli': 'diq-TR', 'dutch': 'nl-NL', 'dyula': 'dyu-CI', 'dzongkha': 'dz-BT', 'eastern yiddish': 'ydd-US', 'emakhuwa': 'vmw-MZ', 'english': 'en-GB', 'english australia': 'en-AU', 'english canada': 'en-CA', 'english india': 'en-IN', 'english ireland': 'en-IE', 'english new zealand': 'en-NZ', 'english singapore': 'en-SG', 'english south africa': 'en-ZA', 'english us': 'en-US', 'esperanto': 'eo-EU', 'estonian': 'et-EE', 'ewe': 'ee-GH', 'fanagalo': 'fn-FNG', 'faroese': 'fo-FO', 'fijian': 'fj-FJ', 'filipino': 'fil-PH', 'finnish': 'fi-FI', 'flemish': 'nl-BE', 'fon': 'fon-BJ', 'french': 'fr-FR', 'french canada': 'fr-CA', 'french swiss': 'fr-CH', 'friulian': 'fur-IT', 'fula': 'ff-FUL', 'galician': 'gl-ES', 'gamargu': 'mfi-NG', 'garo': 'grt-IN', 'georgian': 'ka-GE', 'german': 'de-DE', 'gilbertese': 'gil-KI', 'glavda': 'glw-NG', 'greek': 'el-GR', 'grenadian creole english': 'gcl-GD', 'guarani': 'gn-PY', 'gujarati': 'gu-IN', 'guyanese creole english': 'gyn-GY', 'haitian creole french': 'ht-HT', 'halh mongolian': 'khk-MN', 'hausa': 'ha-NE', 'hawaiian': 'haw-US', 'hebrew': 'he-IL', 'higi': 'hig-NG', 'hiligaynon': 'hil-PH', 'hill mari': 'mrj-RU', 'hindi': 'hi-IN', 'hmong': 'hmn-CN', 'hungarian': 'hu-HU', 'icelandic': 'is-IS', 'igbo ibo': 'ibo-NG', 'igbo ig': 'ig-NG', 'ilocano': 'ilo-PH', 'indonesian': 'id-ID', 'inuktitut greenlandic': 'kl-GL', 'irish gaelic': 'ga-IE', 'italian': 'it-IT', 'italian swiss': 'it-CH', 'jamaican creole english': 'jam-JM', 'japanese': 'ja-JP', 'javanese': 'jv-ID', 'jingpho': 'kac-MM', "k'iche'": 'quc-GT', 'kabiyè': 'kbp-TG', 'kabuverdianu': 'kea-CV', 'kabylian': 'kab-DZ', 'kalenjin': 'kln-KE', 'kamba': 'kam-KE', 'kannada': 'kn-IN', 'kanuri': 'kr-KAU', 'karen': 'kar-MM', 'kashmiri (devanagari script)': 'ks-IN', 'kashmiri (arabic script)': 'kas-IN', 'kazakh': 'kk-KZ', 'khasi': 'kha-IN', 'khmer': 'km-KH', 'kikuyu kik': 'kik-KE', 'kikuyu ki': 'ki-KE', 'kimbundu': 'kmb-AO', 'kinyarwanda': 'rw-RW', 'kirundi': 'rn-BI', 'kisii': 'guz-KE', 'kongo': 'kg-CG', 'konkani': 'kok-IN', 'korean': 'ko-KR', 'northern kurdish': 'kmr-TR', 'kurdish sorani': 'ckb-IQ', 'kyrgyz': 'ky-KG', 'lao': 'lo-LA', 'latgalian': 'ltg-LV', 'latin': 'la-XN', 'latvian': 'lv-LV', 'ligurian': 'lij-IT', 'limburgish': 'li-NL', 'lingala': 'ln-LIN', 'lithuanian': 'lt-LT', 'lombard': 'lmo-IT', 'luba-kasai': 'lua-CD', 'luganda': 'lg-UG', 'luhya': 'luy-KE', 'luo': 'luo-KE', 'luxembourgish': 'lb-LU', 'maa': 'mas-KE', 'macedonian': 'mk-MK', 'magahi': 'mag-IN', 'maithili': 'mai-IN', 'malagasy': 'mg-MG', 'malay': 'ms-MY', 'malayalam': 'ml-IN', 'maldivian': 'dv-MV', 'maltese': 'mt-MT', 'mandara': 'mfi-CM', 'manipuri': 'mni-IN', 'manx gaelic': 'gv-IM', 'maori': 'mi-NZ', 'marathi': 'mr-IN', 'margi': 'mrt-NG', 'mari': 'mhr-RU', 'marshallese': 'mh-MH', 'mende': 'men-SL', 'meru': 'mer-KE', 'mijikenda': 'nyf-KE', 'minangkabau': 'min-ID', 'mizo': 'lus-IN', 'mongolian': 'mn-MN', 'montenegrin': 'sr-ME', 'morisyen': 'mfe-MU', 'moroccan arabic': 'ar-MA', 'mossi': 'mos-BF', 'ndau': 'ndc-MZ', 'ndebele': 'nr-ZA', 'nepali': 'ne-NP', 'nigerian fulfulde': 'fuv-NG', 'niuean': 'niu-NU', 'north azerbaijani': 'azj-AZ', 'sesotho': 'nso-ZA', 'northern uzbek': 'uzn-UZ', 'norwegian bokmål': 'nb-NO', 'norwegian nynorsk': 'nn-NO', 'nuer': 'nus-SS', 'nyanja': 'ny-MW', 'occitan': 'oc-FR', 'occitan aran': 'oc-ES', 'odia': 'or-IN', 'oriya': 'ory-IN', 'urdu': 'ur-PK', 'palauan': 'pau-PW', 'pali': 'pi-IN', 'pangasinan': 'pag-PH', 'papiamentu': 'pap-CW', 'pashto': 'ps-PK', 'persian': 'fa-IR', 'pijin': 'pis-SB', 'plateau malagasy': 'plt-MG', 'polish': 'pl-PL', 'portuguese': 'pt-PT', 'portuguese brazil': 'pt-BR', 'potawatomi': 'pot-US', 'punjabi': 'pa-IN', 'punjabi (pakistan)': 'pnb-PK', 'quechua': 'qu-PE', 'rohingya': 'rhg-MM', 'rohingyalish': 'rhl-MM', 'romanian': 'ro-RO', 'romansh': 'roh-CH', 'rundi': 'run-BI', 'russian': 'ru-RU', 'saint lucian creole french': 'acf-LC', 'samoan': 'sm-WS', 'sango': 'sg-CF', 'sanskrit': 'sa-IN', 'santali': 'sat-IN', 'sardinian': 'sc-IT', 'scots gaelic': 'gd-GB', 'sena': 'seh-ZW', 'serbian cyrillic': 'sr-Cyrl-RS', 'serbian latin': 'sr-Latn-RS', 'seselwa creole french': 'crs-SC', 'setswana (south africa)': 'tn-ZA', 'shan': 'shn-MM', 'shona': 'sn-ZW', 'sicilian': 'scn-IT', 'silesian': 'szl-PL', 'sindhi snd': 'snd-PK', 'sindhi sd': 'sd-PK', 'sinhala': 'si-LK', 'slovak': 'sk-SK', 'slovenian': 'sl-SI', 'somali': 'so-SO', 'sotho southern': 'st-LS', 'south azerbaijani': 'azb-AZ', 'southern pashto': 'pbt-PK', 'southwestern dinka': 'dik-SS', 'spanish': 'es-ES', 'spanish argentina': 'es-AR', 'spanish colombia': 'es-CO', 'spanish latin america': 'es-419', 'spanish mexico': 'es-MX', 'spanish united states': 'es-US', 'sranan tongo': 'srn-SR', 'standard latvian': 'lvs-LV', 'standard malay': 'zsm-MY', 'sundanese': 'su-ID', 'swahili': 'sw-KE', 'swati': 'ss-SZ', 'swedish': 'sv-SE', 'swiss german': 'de-CH', 'syriac (aramaic)': 'syc-TR', 'tagalog': 'tl-PH', 'tahitian': 'ty-PF', 'tajik': 'tg-TJ', 'tamashek (tuareg)': 'tmh-DZ', 'tamasheq': 'taq-ML', 'tamil india': 'ta-IN', 'tamil sri lanka': 'ta-LK', 'taroko': 'trv-TW', 'tatar': 'tt-RU', 'telugu': 'te-IN', 'tetum': 'tet-TL', 'thai': 'th-TH', 'tibetan': 'bo-CN', 'tigrinya': 'ti-ET', 'tok pisin': 'tpi-PG', 'tokelauan': 'tkl-TK', 'tongan': 'to-TO', 'tosk albanian': 'als-AL', 'tsonga': 'ts-ZA', 'tswa': 'tsc-MZ', 'tswana': 'tn-BW', 'tumbuka': 'tum-MW', 'turkish': 'tr-TR', 'turkmen': 'tk-TM', 'tuvaluan': 'tvl-TV', 'twi': 'tw-GH', 'udmurt': 'udm-RU', 'ukrainian': 'uk-UA', 'uma': 'ppk-ID', 'umbundu': 'umb-AO', 'uyghur uig': 'uig-CN', 'uyghur ug': 'ug-CN', 'uzbek': 'uz-UZ', 'venetian': 'vec-IT', 'vietnamese': 'vi-VN', 'vincentian creole english': 'svc-VC', 'virgin islands creole english': 'vic-US', 'wallisian': 'wls-WF', 'waray (philippines)': 'war-PH', 'welsh': 'cy-GB', 'west central oromo': 'gaz-ET', 'western persian': 'pes-IR', 'wolof': 'wo-SN', 'xhosa': 'xh-ZA', 'yiddish': 'yi-YD', 'yoruba': 'yo-NG', 'zulu': 'zu-ZA'}
2026-08-07 11:35:37.058 | INFO     | src.gui.main_window:closeEvent:324 - 全局热键已卸载
2026-08-07 11:35:37.059 | INFO     | src.gui.main_window:closeEvent:351 - 程序已退出
2026-08-07 11:39:08.197 | INFO     | src.ocr.screen_ocr:__init__:21 - Tesseract初始化完成
2026-08-07 11:39:08.329 | INFO     | src.gui.main_window:setup_hotkeys:294 - 全局热键注册成功: Ctrl+Shift+X (屏幕翻译), Ctrl+Shift+T (剪贴板翻译)
2026-08-07 11:39:08.588 | INFO     | __main__:finish:189 - 程序启动完成
2026-08-07 11:39:15.641 | INFO     | src.gui.main_window:translate_text:153 - 手动翻译触发: 引擎=Google翻译, 源语言=auto, 目标语言=zh, 文本长度=5
2026-08-07 11:39:15.712 | ERROR    | src.gui.main_window:translate_text:171 - 创建翻译引擎失败: en --> No support for the provided language.
Please select on of the supported languages:
{'acehnese': 'ace-ID', 'afrikaans': 'af-ZA', 'akan': 'ak-GH', 'albanian': 'sq-AL', 'amharic': 'am-ET', 'antigua and barbuda creole english': 'aig-AG', 'arabic': 'ar-SA', 'arabic egyptian': 'ar-EG', 'aragonese': 'an-ES', 'armenian': 'hy-AM', 'assamese': 'as-IN', 'asturian': 'ast-ES', 'austrian german': 'de-AT', 'awadhi': 'awa-IN', 'ayacucho quechua': 'quy-PE', 'azerbaijani': 'az-AZ', 'bahamas creole english': 'bah-BS', 'bajan': 'bjs-BB', 'balinese': 'ban-ID', 'balkan gipsy': 'rm-RO', 'bambara': 'bm-ML', 'banjar': 'bjn-ID', 'bashkir': 'ba-RU', 'basque': 'eu-ES', 'belarusian': 'be-BY', 'belgian french': 'fr-BE', 'bemba': 'bem-ZM', 'bengali': 'bn-IN', 'bhojpuri': 'bho-IN', 'bihari': 'bh-IN', 'bislama': 'bi-VU', 'borana': 'gax-KE', 'bosnian': 'bs-BA', 'bosnian (cyrillic)': 'bs-Cyrl-BA', 'breton': 'br-FR', 'buginese': 'bug-ID', 'bulgarian': 'bg-BG', 'burmese': 'my-MM', 'catalan': 'ca-ES', 'catalan valencian': 'cav-ES', 'cebuano': 'ceb-PH', 'central atlas tamazight': 'tzm-MA', 'central aymara': 'ayr-BO', 'central kanuri (latin script)': 'knc-NG', 'chadian arabic': 'shu-TD', 'chamorro': 'ch-GU', 'cherokee': 'chr-US', 'chhattisgarhi': 'hne-IN', 'chinese simplified': 'zh-CN', 'chinese trad. (hong kong)': 'zh-HK', 'chinese traditional': 'zh-TW', 'chinese traditional macau': 'zh-MO', 'chittagonian': 'ctg-BD', 'chokwe': 'cjk-AO', 'classical greek': 'grc-GR', 'comorian ngazidja': 'zdj-KM', 'coptic': 'cop-EG', 'crimean tatar': 'crh-RU', 'crioulo upper guinea': 'pov-GW', 'croatian': 'hr-HR', 'czech': 'cs-CZ', 'danish': 'da-DK', 'dari': 'prs-AF', 'dimli': 'diq-TR', 'dutch': 'nl-NL', 'dyula': 'dyu-CI', 'dzongkha': 'dz-BT', 'eastern yiddish': 'ydd-US', 'emakhuwa': 'vmw-MZ', 'english': 'en-GB', 'english australia': 'en-AU', 'english canada': 'en-CA', 'english india': 'en-IN', 'english ireland': 'en-IE', 'english new zealand': 'en-NZ', 'english singapore': 'en-SG', 'english south africa': 'en-ZA', 'english us': 'en-US', 'esperanto': 'eo-EU', 'estonian': 'et-EE', 'ewe': 'ee-GH', 'fanagalo': 'fn-FNG', 'faroese': 'fo-FO', 'fijian': 'fj-FJ', 'filipino': 'fil-PH', 'finnish': 'fi-FI', 'flemish': 'nl-BE', 'fon': 'fon-BJ', 'french': 'fr-FR', 'french canada': 'fr-CA', 'french swiss': 'fr-CH', 'friulian': 'fur-IT', 'fula': 'ff-FUL', 'galician': 'gl-ES', 'gamargu': 'mfi-NG', 'garo': 'grt-IN', 'georgian': 'ka-GE', 'german': 'de-DE', 'gilbertese': 'gil-KI', 'glavda': 'glw-NG', 'greek': 'el-GR', 'grenadian creole english': 'gcl-GD', 'guarani': 'gn-PY', 'gujarati': 'gu-IN', 'guyanese creole english': 'gyn-GY', 'haitian creole french': 'ht-HT', 'halh mongolian': 'khk-MN', 'hausa': 'ha-NE', 'hawaiian': 'haw-US', 'hebrew': 'he-IL', 'higi': 'hig-NG', 'hiligaynon': 'hil-PH', 'hill mari': 'mrj-RU', 'hindi': 'hi-IN', 'hmong': 'hmn-CN', 'hungarian': 'hu-HU', 'icelandic': 'is-IS', 'igbo ibo': 'ibo-NG', 'igbo ig': 'ig-NG', 'ilocano': 'ilo-PH', 'indonesian': 'id-ID', 'inuktitut greenlandic': 'kl-GL', 'irish gaelic': 'ga-IE', 'italian': 'it-IT', 'italian swiss': 'it-CH', 'jamaican creole english': 'jam-JM', 'japanese': 'ja-JP', 'javanese': 'jv-ID', 'jingpho': 'kac-MM', "k'iche'": 'quc-GT', 'kabiyè': 'kbp-TG', 'kabuverdianu': 'kea-CV', 'kabylian': 'kab-DZ', 'kalenjin': 'kln-KE', 'kamba': 'kam-KE', 'kannada': 'kn-IN', 'kanuri': 'kr-KAU', 'karen': 'kar-MM', 'kashmiri (devanagari script)': 'ks-IN', 'kashmiri (arabic script)': 'kas-IN', 'kazakh': 'kk-KZ', 'khasi': 'kha-IN', 'khmer': 'km-KH', 'kikuyu kik': 'kik-KE', 'kikuyu ki': 'ki-KE', 'kimbundu': 'kmb-AO', 'kinyarwanda': 'rw-RW', 'kirundi': 'rn-BI', 'kisii': 'guz-KE', 'kongo': 'kg-CG', 'konkani': 'kok-IN', 'korean': 'ko-KR', 'northern kurdish': 'kmr-TR', 'kurdish sorani': 'ckb-IQ', 'kyrgyz': 'ky-KG', 'lao': 'lo-LA', 'latgalian': 'ltg-LV', 'latin': 'la-XN', 'latvian': 'lv-LV', 'ligurian': 'lij-IT', 'limburgish': 'li-NL', 'lingala': 'ln-LIN', 'lithuanian': 'lt-LT', 'lombard': 'lmo-IT', 'luba-kasai': 'lua-CD', 'luganda': 'lg-UG', 'luhya': 'luy-KE', 'luo': 'luo-KE', 'luxembourgish': 'lb-LU', 'maa': 'mas-KE', 'macedonian': 'mk-MK', 'magahi': 'mag-IN', 'maithili': 'mai-IN', 'malagasy': 'mg-MG', 'malay': 'ms-MY', 'malayalam': 'ml-IN', 'maldivian': 'dv-MV', 'maltese': 'mt-MT', 'mandara': 'mfi-CM', 'manipuri': 'mni-IN', 'manx gaelic': 'gv-IM', 'maori': 'mi-NZ', 'marathi': 'mr-IN', 'margi': 'mrt-NG', 'mari': 'mhr-RU', 'marshallese': 'mh-MH', 'mende': 'men-SL', 'meru': 'mer-KE', 'mijikenda': 'nyf-KE', 'minangkabau': 'min-ID', 'mizo': 'lus-IN', 'mongolian': 'mn-MN', 'montenegrin': 'sr-ME', 'morisyen': 'mfe-MU', 'moroccan arabic': 'ar-MA', 'mossi': 'mos-BF', 'ndau': 'ndc-MZ', 'ndebele': 'nr-ZA', 'nepali': 'ne-NP', 'nigerian fulfulde': 'fuv-NG', 'niuean': 'niu-NU', 'north azerbaijani': 'azj-AZ', 'sesotho': 'nso-ZA', 'northern uzbek': 'uzn-UZ', 'norwegian bokmål': 'nb-NO', 'norwegian nynorsk': 'nn-NO', 'nuer': 'nus-SS', 'nyanja': 'ny-MW', 'occitan': 'oc-FR', 'occitan aran': 'oc-ES', 'odia': 'or-IN', 'oriya': 'ory-IN', 'urdu': 'ur-PK', 'palauan': 'pau-PW', 'pali': 'pi-IN', 'pangasinan': 'pag-PH', 'papiamentu': 'pap-CW', 'pashto': 'ps-PK', 'persian': 'fa-IR', 'pijin': 'pis-SB', 'plateau malagasy': 'plt-MG', 'polish': 'pl-PL', 'portuguese': 'pt-PT', 'portuguese brazil': 'pt-BR', 'potawatomi': 'pot-US', 'punjabi': 'pa-IN', 'punjabi (pakistan)': 'pnb-PK', 'quechua': 'qu-PE', 'rohingya': 'rhg-MM', 'rohingyalish': 'rhl-MM', 'romanian': 'ro-RO', 'romansh': 'roh-CH', 'rundi': 'run-BI', 'russian': 'ru-RU', 'saint lucian creole french': 'acf-LC', 'samoan': 'sm-WS', 'sango': 'sg-CF', 'sanskrit': 'sa-IN', 'santali': 'sat-IN', 'sardinian': 'sc-IT', 'scots gaelic': 'gd-GB', 'sena': 'seh-ZW', 'serbian cyrillic': 'sr-Cyrl-RS', 'serbian latin': 'sr-Latn-RS', 'seselwa creole french': 'crs-SC', 'setswana (south africa)': 'tn-ZA', 'shan': 'shn-MM', 'shona': 'sn-ZW', 'sicilian': 'scn-IT', 'silesian': 'szl-PL', 'sindhi snd': 'snd-PK', 'sindhi sd': 'sd-PK', 'sinhala': 'si-LK', 'slovak': 'sk-SK', 'slovenian': 'sl-SI', 'somali': 'so-SO', 'sotho southern': 'st-LS', 'south azerbaijani': 'azb-AZ', 'southern pashto': 'pbt-PK', 'southwestern dinka': 'dik-SS', 'spanish': 'es-ES', 'spanish argentina': 'es-AR', 'spanish colombia': 'es-CO', 'spanish latin america': 'es-419', 'spanish mexico': 'es-MX', 'spanish united states': 'es-US', 'sranan tongo': 'srn-SR', 'standard latvian': 'lvs-LV', 'standard malay': 'zsm-MY', 'sundanese': 'su-ID', 'swahili': 'sw-KE', 'swati': 'ss-SZ', 'swedish': 'sv-SE', 'swiss german': 'de-CH', 'syriac (aramaic)': 'syc-TR', 'tagalog': 'tl-PH', 'tahitian': 'ty-PF', 'tajik': 'tg-TJ', 'tamashek (tuareg)': 'tmh-DZ', 'tamasheq': 'taq-ML', 'tamil india': 'ta-IN', 'tamil sri lanka': 'ta-LK', 'taroko': 'trv-TW', 'tatar': 'tt-RU', 'telugu': 'te-IN', 'tetum': 'tet-TL', 'thai': 'th-TH', 'tibetan': 'bo-CN', 'tigrinya': 'ti-ET', 'tok pisin': 'tpi-PG', 'tokelauan': 'tkl-TK', 'tongan': 'to-TO', 'tosk albanian': 'als-AL', 'tsonga': 'ts-ZA', 'tswa': 'tsc-MZ', 'tswana': 'tn-BW', 'tumbuka': 'tum-MW', 'turkish': 'tr-TR', 'turkmen': 'tk-TM', 'tuvaluan': 'tvl-TV', 'twi': 'tw-GH', 'udmurt': 'udm-RU', 'ukrainian': 'uk-UA', 'uma': 'ppk-ID', 'umbundu': 'umb-AO', 'uyghur uig': 'uig-CN', 'uyghur ug': 'ug-CN', 'uzbek': 'uz-UZ', 'venetian': 'vec-IT', 'vietnamese': 'vi-VN', 'vincentian creole english': 'svc-VC', 'virgin islands creole english': 'vic-US', 'wallisian': 'wls-WF', 'waray (philippines)': 'war-PH', 'welsh': 'cy-GB', 'west central oromo': 'gaz-ET', 'western persian': 'pes-IR', 'wolof': 'wo-SN', 'xhosa': 'xh-ZA', 'yiddish': 'yi-YD', 'yoruba': 'yo-NG', 'zulu': 'zu-ZA'}
2026-08-07 11:40:29.322 | INFO     | src.gui.main_window:closeEvent:324 - 全局热键已卸载
2026-08-07 11:40:29.323 | INFO     | src.gui.main_window:closeEvent:351 - 程序已退出
2026-08-07 11:40:45.268 | INFO     | src.ocr.screen_ocr:__init__:21 - Tesseract初始化完成
2026-08-07 11:40:45.433 | INFO     | src.gui.main_window:setup_hotkeys:294 - 全局热键注册成功: Ctrl+Shift+X (屏幕翻译), Ctrl+Shift+T (剪贴板翻译)
2026-08-07 11:40:45.664 | INFO     | __main__:finish:189 - 程序启动完成
2026-08-07 11:40:59.570 | INFO     | src.gui.main_window:translate_text:153 - 手动翻译触发: 引擎=Google翻译, 源语言=auto, 目标语言=zh, 文本长度=5
2026-08-07 11:40:59.643 | ERROR    | src.gui.main_window:translate_text:171 - 创建翻译引擎失败: en --> No support for the provided language.
Please select on of the supported languages:
{'acehnese': 'ace-ID', 'afrikaans': 'af-ZA', 'akan': 'ak-GH', 'albanian': 'sq-AL', 'amharic': 'am-ET', 'antigua and barbuda creole english': 'aig-AG', 'arabic': 'ar-SA', 'arabic egyptian': 'ar-EG', 'aragonese': 'an-ES', 'armenian': 'hy-AM', 'assamese': 'as-IN', 'asturian': 'ast-ES', 'austrian german': 'de-AT', 'awadhi': 'awa-IN', 'ayacucho quechua': 'quy-PE', 'azerbaijani': 'az-AZ', 'bahamas creole english': 'bah-BS', 'bajan': 'bjs-BB', 'balinese': 'ban-ID', 'balkan gipsy': 'rm-RO', 'bambara': 'bm-ML', 'banjar': 'bjn-ID', 'bashkir': 'ba-RU', 'basque': 'eu-ES', 'belarusian': 'be-BY', 'belgian french': 'fr-BE', 'bemba': 'bem-ZM', 'bengali': 'bn-IN', 'bhojpuri': 'bho-IN', 'bihari': 'bh-IN', 'bislama': 'bi-VU', 'borana': 'gax-KE', 'bosnian': 'bs-BA', 'bosnian (cyrillic)': 'bs-Cyrl-BA', 'breton': 'br-FR', 'buginese': 'bug-ID', 'bulgarian': 'bg-BG', 'burmese': 'my-MM', 'catalan': 'ca-ES', 'catalan valencian': 'cav-ES', 'cebuano': 'ceb-PH', 'central atlas tamazight': 'tzm-MA', 'central aymara': 'ayr-BO', 'central kanuri (latin script)': 'knc-NG', 'chadian arabic': 'shu-TD', 'chamorro': 'ch-GU', 'cherokee': 'chr-US', 'chhattisgarhi': 'hne-IN', 'chinese simplified': 'zh-CN', 'chinese trad. (hong kong)': 'zh-HK', 'chinese traditional': 'zh-TW', 'chinese traditional macau': 'zh-MO', 'chittagonian': 'ctg-BD', 'chokwe': 'cjk-AO', 'classical greek': 'grc-GR', 'comorian ngazidja': 'zdj-KM', 'coptic': 'cop-EG', 'crimean tatar': 'crh-RU', 'crioulo upper guinea': 'pov-GW', 'croatian': 'hr-HR', 'czech': 'cs-CZ', 'danish': 'da-DK', 'dari': 'prs-AF', 'dimli': 'diq-TR', 'dutch': 'nl-NL', 'dyula': 'dyu-CI', 'dzongkha': 'dz-BT', 'eastern yiddish': 'ydd-US', 'emakhuwa': 'vmw-MZ', 'english': 'en-GB', 'english australia': 'en-AU', 'english canada': 'en-CA', 'english india': 'en-IN', 'english ireland': 'en-IE', 'english new zealand': 'en-NZ', 'english singapore': 'en-SG', 'english south africa': 'en-ZA', 'english us': 'en-US', 'esperanto': 'eo-EU', 'estonian': 'et-EE', 'ewe': 'ee-GH', 'fanagalo': 'fn-FNG', 'faroese': 'fo-FO', 'fijian': 'fj-FJ', 'filipino': 'fil-PH', 'finnish': 'fi-FI', 'flemish': 'nl-BE', 'fon': 'fon-BJ', 'french': 'fr-FR', 'french canada': 'fr-CA', 'french swiss': 'fr-CH', 'friulian': 'fur-IT', 'fula': 'ff-FUL', 'galician': 'gl-ES', 'gamargu': 'mfi-NG', 'garo': 'grt-IN', 'georgian': 'ka-GE', 'german': 'de-DE', 'gilbertese': 'gil-KI', 'glavda': 'glw-NG', 'greek': 'el-GR', 'grenadian creole english': 'gcl-GD', 'guarani': 'gn-PY', 'gujarati': 'gu-IN', 'guyanese creole english': 'gyn-GY', 'haitian creole french': 'ht-HT', 'halh mongolian': 'khk-MN', 'hausa': 'ha-NE', 'hawaiian': 'haw-US', 'hebrew': 'he-IL', 'higi': 'hig-NG', 'hiligaynon': 'hil-PH', 'hill mari': 'mrj-RU', 'hindi': 'hi-IN', 'hmong': 'hmn-CN', 'hungarian': 'hu-HU', 'icelandic': 'is-IS', 'igbo ibo': 'ibo-NG', 'igbo ig': 'ig-NG', 'ilocano': 'ilo-PH', 'indonesian': 'id-ID', 'inuktitut greenlandic': 'kl-GL', 'irish gaelic': 'ga-IE', 'italian': 'it-IT', 'italian swiss': 'it-CH', 'jamaican creole english': 'jam-JM', 'japanese': 'ja-JP', 'javanese': 'jv-ID', 'jingpho': 'kac-MM', "k'iche'": 'quc-GT', 'kabiyè': 'kbp-TG', 'kabuverdianu': 'kea-CV', 'kabylian': 'kab-DZ', 'kalenjin': 'kln-KE', 'kamba': 'kam-KE', 'kannada': 'kn-IN', 'kanuri': 'kr-KAU', 'karen': 'kar-MM', 'kashmiri (devanagari script)': 'ks-IN', 'kashmiri (arabic script)': 'kas-IN', 'kazakh': 'kk-KZ', 'khasi': 'kha-IN', 'khmer': 'km-KH', 'kikuyu kik': 'kik-KE', 'kikuyu ki': 'ki-KE', 'kimbundu': 'kmb-AO', 'kinyarwanda': 'rw-RW', 'kirundi': 'rn-BI', 'kisii': 'guz-KE', 'kongo': 'kg-CG', 'konkani': 'kok-IN', 'korean': 'ko-KR', 'northern kurdish': 'kmr-TR', 'kurdish sorani': 'ckb-IQ', 'kyrgyz': 'ky-KG', 'lao': 'lo-LA', 'latgalian': 'ltg-LV', 'latin': 'la-XN', 'latvian': 'lv-LV', 'ligurian': 'lij-IT', 'limburgish': 'li-NL', 'lingala': 'ln-LIN', 'lithuanian': 'lt-LT', 'lombard': 'lmo-IT', 'luba-kasai': 'lua-CD', 'luganda': 'lg-UG', 'luhya': 'luy-KE', 'luo': 'luo-KE', 'luxembourgish': 'lb-LU', 'maa': 'mas-KE', 'macedonian': 'mk-MK', 'magahi': 'mag-IN', 'maithili': 'mai-IN', 'malagasy': 'mg-MG', 'malay': 'ms-MY', 'malayalam': 'ml-IN', 'maldivian': 'dv-MV', 'maltese': 'mt-MT', 'mandara': 'mfi-CM', 'manipuri': 'mni-IN', 'manx gaelic': 'gv-IM', 'maori': 'mi-NZ', 'marathi': 'mr-IN', 'margi': 'mrt-NG', 'mari': 'mhr-RU', 'marshallese': 'mh-MH', 'mende': 'men-SL', 'meru': 'mer-KE', 'mijikenda': 'nyf-KE', 'minangkabau': 'min-ID', 'mizo': 'lus-IN', 'mongolian': 'mn-MN', 'montenegrin': 'sr-ME', 'morisyen': 'mfe-MU', 'moroccan arabic': 'ar-MA', 'mossi': 'mos-BF', 'ndau': 'ndc-MZ', 'ndebele': 'nr-ZA', 'nepali': 'ne-NP', 'nigerian fulfulde': 'fuv-NG', 'niuean': 'niu-NU', 'north azerbaijani': 'azj-AZ', 'sesotho': 'nso-ZA', 'northern uzbek': 'uzn-UZ', 'norwegian bokmål': 'nb-NO', 'norwegian nynorsk': 'nn-NO', 'nuer': 'nus-SS', 'nyanja': 'ny-MW', 'occitan': 'oc-FR', 'occitan aran': 'oc-ES', 'odia': 'or-IN', 'oriya': 'ory-IN', 'urdu': 'ur-PK', 'palauan': 'pau-PW', 'pali': 'pi-IN', 'pangasinan': 'pag-PH', 'papiamentu': 'pap-CW', 'pashto': 'ps-PK', 'persian': 'fa-IR', 'pijin': 'pis-SB', 'plateau malagasy': 'plt-MG', 'polish': 'pl-PL', 'portuguese': 'pt-PT', 'portuguese brazil': 'pt-BR', 'potawatomi': 'pot-US', 'punjabi': 'pa-IN', 'punjabi (pakistan)': 'pnb-PK', 'quechua': 'qu-PE', 'rohingya': 'rhg-MM', 'rohingyalish': 'rhl-MM', 'romanian': 'ro-RO', 'romansh': 'roh-CH', 'rundi': 'run-BI', 'russian': 'ru-RU', 'saint lucian creole french': 'acf-LC', 'samoan': 'sm-WS', 'sango': 'sg-CF', 'sanskrit': 'sa-IN', 'santali': 'sat-IN', 'sardinian': 'sc-IT', 'scots gaelic': 'gd-GB', 'sena': 'seh-ZW', 'serbian cyrillic': 'sr-Cyrl-RS', 'serbian latin': 'sr-Latn-RS', 'seselwa creole french': 'crs-SC', 'setswana (south africa)': 'tn-ZA', 'shan': 'shn-MM', 'shona': 'sn-ZW', 'sicilian': 'scn-IT', 'silesian': 'szl-PL', 'sindhi snd': 'snd-PK', 'sindhi sd': 'sd-PK', 'sinhala': 'si-LK', 'slovak': 'sk-SK', 'slovenian': 'sl-SI', 'somali': 'so-SO', 'sotho southern': 'st-LS', 'south azerbaijani': 'azb-AZ', 'southern pashto': 'pbt-PK', 'southwestern dinka': 'dik-SS', 'spanish': 'es-ES', 'spanish argentina': 'es-AR', 'spanish colombia': 'es-CO', 'spanish latin america': 'es-419', 'spanish mexico': 'es-MX', 'spanish united states': 'es-US', 'sranan tongo': 'srn-SR', 'standard latvian': 'lvs-LV', 'standard malay': 'zsm-MY', 'sundanese': 'su-ID', 'swahili': 'sw-KE', 'swati': 'ss-SZ', 'swedish': 'sv-SE', 'swiss german': 'de-CH', 'syriac (aramaic)': 'syc-TR', 'tagalog': 'tl-PH', 'tahitian': 'ty-PF', 'tajik': 'tg-TJ', 'tamashek (tuareg)': 'tmh-DZ', 'tamasheq': 'taq-ML', 'tamil india': 'ta-IN', 'tamil sri lanka': 'ta-LK', 'taroko': 'trv-TW', 'tatar': 'tt-RU', 'telugu': 'te-IN', 'tetum': 'tet-TL', 'thai': 'th-TH', 'tibetan': 'bo-CN', 'tigrinya': 'ti-ET', 'tok pisin': 'tpi-PG', 'tokelauan': 'tkl-TK', 'tongan': 'to-TO', 'tosk albanian': 'als-AL', 'tsonga': 'ts-ZA', 'tswa': 'tsc-MZ', 'tswana': 'tn-BW', 'tumbuka': 'tum-MW', 'turkish': 'tr-TR', 'turkmen': 'tk-TM', 'tuvaluan': 'tvl-TV', 'twi': 'tw-GH', 'udmurt': 'udm-RU', 'ukrainian': 'uk-UA', 'uma': 'ppk-ID', 'umbundu': 'umb-AO', 'uyghur uig': 'uig-CN', 'uyghur ug': 'ug-CN', 'uzbek': 'uz-UZ', 'venetian': 'vec-IT', 'vietnamese': 'vi-VN', 'vincentian creole english': 'svc-VC', 'virgin islands creole english': 'vic-US', 'wallisian': 'wls-WF', 'waray (philippines)': 'war-PH', 'welsh': 'cy-GB', 'west central oromo': 'gaz-ET', 'western persian': 'pes-IR', 'wolof': 'wo-SN', 'xhosa': 'xh-ZA', 'yiddish': 'yi-YD', 'yoruba': 'yo-NG', 'zulu': 'zu-ZA'}
2026-08-07 11:41:04.605 | INFO     | src.gui.main_window:closeEvent:324 - 全局热键已卸载
2026-08-07 11:41:04.605 | INFO     | src.gui.main_window:closeEvent:351 - 程序已退出
